Parameter Name;OclMuhi_SS12_Suchparameter_empty_GF;OclMuhi_SS12_Suche_Absolut_alle_Parameter_GF;OclMuhi_SS12_SVPerson kein Druckname - Suche_Absolut_alle_Parameter_GF;OclMuhi_SS12_Suche_Absolut_Storniert_alle_Parameter_GF;OclMuhi_SS12_Suche_Individuell_alle_Parameter_GF;OclMuhi_SS12_Suche_Individuell_Storniert_alle_Parameter_GF;OclMuhi_SS12_Erstellt ab_Response_zuviele_Ergebnisse_GF;OclMuhi_SS12_Voraussichtlicher Geburtstermin bis_GF;OclMuhi_SS12_Suche mit_SVNR_GF;OclMuhi_SS12_Typ A gesetzt_mit VP_MUHI.CORE_GF;OclMuhi_SS12_Typ I gesetzt_mit VP_MUHI.CORE_keine Rückgabe_FF;OclMuhi_SS12_Art aktiv gesetzt_GF;OclMuhi_SS12_Art storniert gesetzt_GF;OclMuhi_SS12_Erstellt ab Format ungültig_FF;OclMuhi_SS12_Erstellt ab Wert ungültig in Zukunft_FF;OclMuhi_SS12_Erstellt bis_keine_Rückgabe_FF;OclMuhi_SS12_Erstellt bis Format ungültig_FF;OclMuhi_SS12_Erstellt bis in Zukunft_FF;OclMuhi_SS12_Erstellt bis liegt vor Erstellt ab_FF;OclMuhi_SS12_Voraussichtlicher Geburtstermin ab Format falsch_FF;OclMuhi_SS12_Voraussichtlicher Geburtstermin bis Format falsch_FF;OclMuhi_SS12_Voraussichtlicher Geburtstermin bis mehr als 40 Wochen in Zukunft_FF;OclMuhi_SS12_Voraussichtlicher Geburtstermin bis liegt vor vorauss. Geburtstermin ab_FF;OclMuhi_SS12_Voraussichtlicher Geburtstermin ab mehr als 40 Wochen in Zukunft_FF;OclMuhi_SS12_Typ_invalid_ZS-3301454_FF;OclMuhi_SS12_Art- Wert ungültig_ ZS-3301464_FF;OclMuhi_SS12_SVNR_Format_FF;OclMuhi_SS12_SVNR_Wert_FF;OclMuhi_SS12_DialogId Länge (33)_FF;OclMuhi_SS12_DialogId not existing_FF;OclMuhi_SS12_DialogId NULL_FF;OclMuhi_SS12_DialogId leer_FF;OclMuhi_SS12_SVNR gesetzt_APO-Vertrag_FF;OclMuhi_SS12_VP_kein_Recht_MUHI.CORE_BVA_FF
Instanz;ALL;ALL;ALL;ALL;ALL;ALL;ALL;ALL;ALL;ALL;ALL;ALL;ALL;ALL;ALL;ALL;ALL;ALL;ALL;ALL;ALL;ALL;ALL;ALL;ALL;ALL;ALL;ALL;ALL;ALL;ALL;ALL;ALL;ALL
Vertragspartner.VPNR;336010;336010;336010;336010;336047;336047;336010;336010;336010;336010;336010;336010;336010;336010;336010;336010;336010;336010;336010;336010;336010;336010;336010;336010;336010;336010;336010;336010;336010;336010;336010;336010;336031;336026
Vertragspartner.Ord_id;15682607;15682607;15682607;15682607;15682603;15682603;15682607;15682607;15682607;15682607;15682607;15682607;15682607;15682607;15682607;15682607;15682607;15682607;15682607;15682607;15682607;15682607;15682607;15682607;15682607;15682607;15682607;15682607;15682607;15682607;15682607;15682607;15682602;15682601
Vertragspartner.OrdinationsId;99;99;99;99;99;99;99;99;99;99;99;99;99;99;99;99;99;99;99;99;99;99;99;99;99;99;99;99;99;99;99;99;99;98
DialogID;{B[dialogId]};{B[dialogId]};{B[dialogId]};{B[dialogId]};{B[dialogId]};{B[dialogId]};{B[dialogId]};{B[dialogId]};{B[dialogId]};{B[dialogId]};{B[dialogId]};{B[dialogId]};{B[dialogId]};{B[dialogId]};{B[dialogId]};{B[dialogId]};{B[dialogId]};{B[dialogId]};{B[dialogId]};{B[dialogId]};{B[dialogId]};{B[dialogId]};{B[dialogId]};{B[dialogId]};{B[dialogId]};{B[dialogId]};{B[dialogId]};{B[dialogId]};Mj00rinv1nfRMji2KbgKwwGCnbhGRwAAhU;Mj00rinv1nfRMji2KbgKwwGCnbhGRwAA;{NULL};{EMPTY};{B[dialogId]};{B[dialogId]}
CardToken.Tokentyp;;;;;;;;;;;;;;;;;;;;;;;;;;;;;;;;;;
CardToken.SVNR-Karte;;;;;;;;;;;;;;;;;;;;;;;;;;;;;;;;;;
CardToken.VPNR-Karte;;;;;;;;;;;;;;;;;;;;;;;;;;;;;;;;;;
CardToken.TokenWert;;;;;;;;;;;;;;;;;;;;;;;;;;;;;;;;;;
CardToken.SVNR;;;;;;;;;;;;;;;;;;;;;;;;;;;;;;;;;;
CardToken.VPNR;;;;;;;;;;;;;;;;;;;;;;;;;;;;;;;;;;
Suchparameter.ErstelltAb;;{DATE[][-2d][]};;{DATE[][-2d][]};{DATE[][-2d][]};{DATE[][-2d][]};{DATE[][-10y][]};{EMPTY};{EMPTY};{EMPTY};{EMPTY};{EMPTY};{EMPTY};30.30.2000;01.01.3000;{EMPTY};{EMPTY};{EMPTY};{DATE[][-56d][]};{EMPTY};{EMPTY};{EMPTY};{EMPTY};{EMPTY};{EMPTY};{EMPTY};{EMPTY};{EMPTY};{EMPTY};{EMPTY};{EMPTY};{EMPTY};{EMPTY};{EMPTY}
Suchparameter.ErstelltBis;;{DATE[][-1d][]};;{DATE[][-1d][]};{DATE[][-1d][]};{DATE[][-1d][]};{EMPTY};{EMPTY};{EMPTY};{EMPTY};{EMPTY};{EMPTY};{EMPTY};{EMPTY};{EMPTY};{DATE[][-365d][]};30.30.3000;01.01.3000;{DATE[][-80d][]};{EMPTY};{EMPTY};{EMPTY};{EMPTY};{EMPTY};{EMPTY};{EMPTY};{EMPTY};{EMPTY};{EMPTY};{EMPTY};{EMPTY};{EMPTY};{EMPTY};{EMPTY}
Suchparameter.Typ;;A;A;A;I;I;{EMPTY};{EMPTY};{EMPTY};A;I;{EMPTY};{EMPTY};{EMPTY};{EMPTY};{EMPTY};{EMPTY};{EMPTY};{EMPTY};{EMPTY};{EMPTY};{EMPTY};{EMPTY};{EMPTY};U;{EMPTY};{EMPTY};{EMPTY};{EMPTY};{EMPTY};{EMPTY};{EMPTY};{EMPTY};{EMPTY}
Suchparameter.voraussichtlicherGeburtsterminAb;;in 8 Wochen ;in 8 Wochen ;in 8 Wochen ;in 12 Wochen_absol.BV_GW;in 12 Wochen_absol.BV_GW;leer;leer;leer;leer;leer;leer;leer;leer;leer;leer;leer;leer;leer;falsches Format;leer;leer;in 12 Wochen_absol.BV_GW;in 40 Wochen und 1 Tag;leer;leer;leer;leer;leer;leer;leer;leer;leer;leer
Suchparameter.voraussichtlicherGeburtsterminBis;;in 40 Wochen;in 40 Wochen;in 40 Wochen;in 40 Wochen;in 40 Wochen;leer;in 24 Wochen_Grund ab der 16. Woche;leer;leer;leer;leer;leer;leer;leer;leer;leer;leer;in 8 Wochen ;leer;falsches Format;in 40 Wochen und 1 Tag;in 8 Wochen ;leer;leer;leer;leer;leer;leer;leer;leer;leer;leer;leer
Suchparameter.SVNR;;3364013041;3364012081;3364013041;3364013041;3364013041;{EMPTY};{EMPTY};3364011003;{EMPTY};{EMPTY};{EMPTY};{EMPTY};{EMPTY};{EMPTY};{EMPTY};{EMPTY};{EMPTY};{EMPTY};{EMPTY};{EMPTY};{EMPTY};{EMPTY};{EMPTY};{EMPTY};{EMPTY};336401304;1234567890;3364013041;3364013041;3364013041;3364013041;3364013041;3364013041
Suchparameter.Art;;A;A;S;A;S;{EMPTY};{EMPTY};;{EMPTY};{EMPTY};A;S;{EMPTY};{EMPTY};{EMPTY};{EMPTY};{EMPTY};{EMPTY};{EMPTY};{EMPTY};{EMPTY};{EMPTY};{EMPTY};{EMPTY};U;{EMPTY};{EMPTY};{EMPTY};{EMPTY};{EMPTY};{EMPTY};{EMPTY};{EMPTY}
Meldungsuebersicht.Erstellungszeitpunkt;;{DATETIME[][-1d][dd-MM-yyyy hh:mm:ss]};;{DATETIME[][-1d][dd-MM-yyyy hh:mm:ss]};{DATETIME[][-1d][dd-MM-yyyy hh:mm:ss]};{DATETIME[][-1d][dd-MM-yyyy hh:mm:ss]};;;;;;;;;;;;;;;;;;;;;;;;;;;;
Meldungsuebersicht.MeldungsId;;;;;;;;;;;;;;;;;;;;;;;;;;;;;;;;;;
Meldungsuebersicht.Typ;A;A;A;A;I;I;A;A;A;A;A;A;A;;;A;;;;;;;;;;;;;;;;;;
Meldungsuebersicht.Vorraussichtlicher_Geburtstermin;in 8 Wochen ;in 8 Wochen ;in 8 Wochen ;in 8 Wochen ;in 24 Wochen_Grund ab der 16. Woche;in 24 Wochen_Grund ab der 16. Woche;in 8 Wochen ;in 8 Wochen ;in 8 Wochen ;in 8 Wochen ;in 8 Wochen ;in 8 Wochen ;in 8 Wochen ;;;in 8 Wochen ;;;;;;;;;;;;;;;;;;
Meldungsuebersicht.SVPerson.SVNR;3364011003;3364013041;3364012081;3364013041;3364013041;3364013041;3364011003;3364011003;3364011003;3364011003;3364011003;3364011003;3364013041;;;3364011003;;;;;;;;;;;;;;;;;;
Meldungsuebersicht.SVPerson.Name.Titel_vorne;;;;;;;;;;;;;;;;;;;;;;;;;;;;;;;;;;
Meldungsuebersicht.SVPerson.Name.Vorname;Elias;Ludmilla;Herbert;Ludmilla;Ludmilla;Ludmilla;Elias;Elias;Elias;Elias;Elias;Elias;Ludmilla;;;Elias;;;;;;;;;;;;;;;;;;
Meldungsuebersicht.SVPerson.Name.Nachname;Töröcsik-MUHI-SS12;Lodz-MUHI-SS12;Obertupfinger-MUHI-SS12;Lodz-MUHI-SS12;Lodz-MUHI-SS12;Lodz-MUHI-SS12;Töröcsik-MUHI-SS12;Töröcsik-MUHI-SS12;Töröcsik-MUHI-SS12;Töröcsik-MUHI-SS12;Töröcsik-MUHI-SS12;Töröcsik-MUHI-SS12;Lodz-MUHI-SS12;;;Töröcsik-MUHI-SS12;;;;;;;;;;;;;;;;;;
Meldungsuebersicht.SVPerson.Name.Titel_hinten;;;;;;;;;;;;;;;;;;;;;;;;;;;;;;;;;;
Meldungsuebersicht.SVPerson.Druckname.Titel_vorne;;;;;;;;;;;;;;;;;;;;;;;;;;;;;;;;;;
Meldungsuebersicht.SVPerson.Druckname.Vorname;Éliás;Ludmilla;;Ludmilla;Ludmilla;Ludmilla;Éliás;Éliás;Éliás;Éliás;Éliás;Éliás;Ludmilla;;;Éliás;;;;;;;;;;;;;;;;;;
Meldungsuebersicht.SVPerson.Druckname.Nachname;Törőcsik-MUHI-SS12;Łódź-MUHI-SS12;;Łódź-MUHI-SS12;Łódź-MUHI-SS12;Łódź-MUHI-SS12;Törőcsik-MUHI-SS12;Törőcsik-MUHI-SS12;Törőcsik-MUHI-SS12;Törőcsik-MUHI-SS12;Törőcsik-MUHI-SS12;Törőcsik-MUHI-SS12;Łódź-MUHI-SS12;;;Törőcsik-MUHI-SS12;;;;;;;;;;;;;;;;;;
Meldungsuebersicht.SVPerson.Druckname.Titel_hinten;;;;;;;;;;;;;;;;;;;;;;;;;;;;;;;;;;
Meldungsuebersicht.SVPerson.Geschlecht;W;M;W;M;M;M;W;W;W;W;W;W;M;;;W;;;;;;;;;;;;;;;;;;
Meldungsuebersicht.SVPerson.Geburtsdatum;11.10.1955;26.04.1954;05.02.1988;26.04.1954;26.04.1954;26.04.1954;11.10.1955;11.10.1955;11.10.1955;11.10.1955;11.10.1955;11.10.1955;26.04.1954;;;11.10.1955;;;;;;;;;;;;;;;;;;
Meldungsuebersicht.isStorniert;false;false;false;true;false;true;false;false;false;false;false;false;true;;;false;;;;;;;;;;;;;;;;;;
MuhiException;;;;;;;;;;;ZS-3390016;;;ZS-3301413;ZS-3301414;ZS-3390016;ZS-3301423;ZS-3301424;ZS-3301426;ZS-3301433;ZS-3301443;ZS-3301444;ZS-3301446;ZS-3301434;ZS-3301454;ZS-3301464;ZS-3300023;ZS-3300024;;;;;;
DialogException;;;;;;;;;;;;;;;;;;;;;;;;;;;;;CL-01085;CL-01085;CL-01085;CL-01085;;
AccessException;;;;;;;;;;;;;;;;;;;;;;;;;;;;;;;;;CL-A0005_MUHI_ExceptionCode_62;CL-A0005_MUHI_ExceptionCode_62
CardException;;;;;;;;;;;;;;;;;;;;;;;;;;;;;;;;;;
Meldungsuebersicht.Vorraussichtlicher_Geburtstermin.Datum;{DATE[][+56d][]};{DATE[][+56d][]};{DATE[][+56d][]};{DATE[][+56d][]};{DATE[][+168d][]};{DATE[][+168d][]};{DATE[][+56d][]};{DATE[][+56d][]};{DATE[][+56d][]};{DATE[][+56d][]};{DATE[][+56d][]};{DATE[][+56d][]};{DATE[][+56d][]};;;{DATE[][+56d][]};;;;;;;;;;;;;;;;;;
Meldungsuebersicht.Vorraussichtlicher_Geburtstermin.Datum für manuelle TF-altes Format;{DATE+56d};{DATE+56d};{DATE+56d};{DATE+56d};{DATE+168d};{DATE+168d};{DATE+56d};{DATE+56d};{DATE+56d};{DATE+56d};{DATE+56d};{DATE+56d};{DATE+56d};;;{DATE+56d};;;;;;;;;;;;;;;;;;
Suchparameter.voraussichtlicherGeburtsterminAb.Datum;;{DATE[][+56d][]};{DATE[][+56d][]};{DATE[][+56d][]};{DATE[][+84d][]};{DATE[][+84d][]};{EMPTY};{EMPTY};{EMPTY};{EMPTY};{EMPTY};{EMPTY};{EMPTY};{EMPTY};{EMPTY};{EMPTY};{EMPTY};{EMPTY};{EMPTY};aa.bb.cccc;{EMPTY};{EMPTY};{DATE[][+84d][]};{DATE[][+281d][]};{EMPTY};{EMPTY};{EMPTY};{EMPTY};{EMPTY};{EMPTY};{EMPTY};{EMPTY};{EMPTY};{EMPTY}
Suchparameter.voraussichtlicherGeburtsterminAb.Datum für manuelle TF-altes Format;;{DATE+56d};{DATE+56d};{DATE+56d};{DATE+84d};{DATE+84d};{EMPTY};{EMPTY};{EMPTY};{EMPTY};{EMPTY};{EMPTY};{EMPTY};{EMPTY};{EMPTY};{EMPTY};{EMPTY};{EMPTY};{EMPTY};;{EMPTY};{EMPTY};{DATE+84d};{DATE+281d};{EMPTY};{EMPTY};{EMPTY};{EMPTY};{EMPTY};{EMPTY};{EMPTY};{EMPTY};{EMPTY};{EMPTY}
Suchparameter.voraussichtlicherGeburtsterminBis.Datum;;{DATE[][+280d][]};{DATE[][+280d][]};{DATE[][+280d][]};{DATE[][+280d][]};{DATE[][+280d][]};{EMPTY};{DATE[][+168d][]};{EMPTY};{EMPTY};{EMPTY};{EMPTY};{EMPTY};{EMPTY};{EMPTY};{EMPTY};{EMPTY};{EMPTY};{DATE[][+56d][]};{EMPTY};aa.bb.cccc;{DATE[][+281d][]};{DATE[][+56d][]};{EMPTY};{EMPTY};{EMPTY};{EMPTY};{EMPTY};{EMPTY};{EMPTY};{EMPTY};{EMPTY};{EMPTY};{EMPTY}
Suchparameter.voraussichtlicherGeburtsterminBis.Schwangerschaftswoche;;1;1;1;1;1;;17;;;;;;;;;;;;;;;;;;;;;;;;;;
Suchparameter.voraussichtlicherGeburtsterminBis.Datum für manuelle TF-altes Format;;{DATE+280d};{DATE+280d};{DATE+280d};{DATE+280d};{DATE+280d};{EMPTY};{DATE+168d};{EMPTY};{EMPTY};{EMPTY};{EMPTY};{EMPTY};{EMPTY};{EMPTY};{EMPTY};{EMPTY};{EMPTY};{DATE+56d};{EMPTY};;{DATE+281d};{DATE+56d};{EMPTY};{EMPTY};{EMPTY};{EMPTY};{EMPTY};{EMPTY};{EMPTY};{EMPTY};{EMPTY};{EMPTY};{EMPTY}
Meldungsuebersicht.Vorraussichtlicher_Geburtstermin.Schwangerschaftswoche;;;;;17;17;;;;;;;;;;;;;;;;;;;;;;;;;;;;
Suchparameter.voraussichtlicherGeburtsterminAb.Schwangerschaftswoche;;;;;29;29;;;;;;;;;;;;;;;;;29;;;;;;;;;;;
MuhiException.ExceptionName;;;;;;;;;;;MuhiException;;;MuhiException;MuhiException;MuhiException;MuhiException;MuhiException;MuhiException;MuhiException;MuhiException;MuhiException;MuhiException;MuhiException;MuhiException;MuhiException;MuhiException;MuhiException;;;;;;
MuhiException.InfoCode;;;;;;;;;;;ZS-3390016;;;ZS-3301413;ZS-3301414;ZS-3390016;ZS-3301423;ZS-3301424;ZS-3301426;ZS-3301433;ZS-3301443;ZS-3301444;ZS-3301446;ZS-3301434;ZS-3301454;ZS-3301464;ZS-3300023;ZS-3300024;;;;;;
MuhiException.InfoText;;;;;;;;;;;Es wurden keine Ergebnisse gefunden.;;;Das Format von Erstellt ab ist ungültig.;Der Wert in Erstellt ab ist ungültig. (Der Wert darf nicht in der Zukunft liegen.);Es wurden keine Ergebnisse gefunden.;Das Format von Erstellt bis ist ungültig.;Der Wert in Erstellt bis ist ungültig. (Der Wert darf nicht in der Zukunft liegen.);Der Wert in Erstellt bis ist ungültig. (Der Wert darf nicht vor Erstellt ab liegen.);Das Format von Voraussichtliches Geburtsdatum ab ist ungültig.;Das Format von Voraussichtliches Geburtsdatum bis ist ungültig.;Der Wert in Voraussichtliches Geburtsdatum bis ist ungültig. (Der Wert darf nicht mehr als 40 Wochen in der Zukunft liegen.);Der Wert in Voraussichtliches Geburtsdatum bis ist ungültig. (Der Wert darf nicht vor Voraussichtliches Geburtsdatum ab liegen.);Der Wert in Voraussichtliches Geburtsdatum ab ist ungültig. (Der Wert darf nicht mehr als 40 Wochen in der Zukunft liegen.);Der Wert in Typ ist ungültig.;Der Wert in Art ist ungültig.;Das Format von SV-Nummer ist ungültig.;Der Wert in SV-Nummer ist ungültig.;;;;;;
MuhiException.ExceptionTyp;;;;;;;;;;;NO_RESULTS;;;ERSTELLT_AB_FORMAT;ERSTELLT_AB_INVALID;NO_RESULTS;ERSTELLT_BIS_FORMAT;ERSTELLT_BIS_INVALID;ERSTELLT_BIS_INVALID2;VORAUSSICHTLICHES_GEBURTSDATUM_AB_FORMAT;VORAUSSICHTLICHES_GEBURTSDATUM_BIS_FORMAT;VORAUSSICHTLICHES_GEBURTSDATUM_BIS_INVALID;VORAUSSICHTLICHES_GEBURTSDATUM_BIS_INVALID2;VORAUSSICHTLICHES_GEBURTSDATUM_AB_INVALID;TYP_INVALID;ART_INVALID;VSNR_FORMAT;VSNR_INVALID;;;;;;
MuhiException.ExceptionCode;;;;;;;;;;;51;;;39;40;51;41;42;43;44;46;47;48;45;49;50;3;4;;;;;;
DialogException.Information;;;;;;;;;;;;;;;;;;;;;;;;;;;;;Die angegebene Dialog Id ist ungültig. Hinweis: Diese Exception tritt in folgenden Fällen auf: Eine Zeitüberschreitung wurde am Client erkannt und das Erkennen liegt schon zu lange zurück. Ein unerwarteter Fehler beim Zugiff auf den Dialog (auch falsche DialogId). Der Dialog wurde ohne Failover-Kennzeichen aufgebaut, aber im möglichen Failover-Fall wird erkannt, dass die Funktion mit Failover-Information (TransaktionsId im Header) aufgerufen wurde.;Die angegebene Dialog Id ist ungültig. Hinweis: Diese Exception tritt in folgenden Fällen auf: Eine Zeitüberschreitung wurde am Client erkannt und das Erkennen liegt schon zu lange zurück. Ein unerwarteter Fehler beim Zugiff auf den Dialog (auch falsche DialogId). Der Dialog wurde ohne Failover-Kennzeichen aufgebaut, aber im möglichen Failover-Fall wird erkannt, dass die Funktion mit Failover-Information (TransaktionsId im Header) aufgerufen wurde.;Die angegebene Dialog Id ist ungültig. Hinweis: Diese Exception tritt in folgenden Fällen auf: Eine Zeitüberschreitung wurde am Client erkannt und das Erkennen liegt schon zu lange zurück. Ein unerwarteter Fehler beim Zugiff auf den Dialog (auch falsche DialogId). Der Dialog wurde ohne Failover-Kennzeichen aufgebaut, aber im möglichen Failover-Fall wird erkannt, dass die Funktion mit Failover-Information (TransaktionsId im Header) aufgerufen wurde.;Die angegebene Dialog Id ist ungültig. Hinweis: Diese Exception tritt in folgenden Fällen auf: Eine Zeitüberschreitung wurde am Client erkannt und das Erkennen liegt schon zu lange zurück. Ein unerwarteter Fehler beim Zugiff auf den Dialog (auch falsche DialogId). Der Dialog wurde ohne Failover-Kennzeichen aufgebaut, aber im möglichen Failover-Fall wird erkannt, dass die Funktion mit Failover-Information (TransaktionsId im Header) aufgerufen wurde.;;
DialogException.InfoText;;;;;;;;;;;;;;;;;;;;;;;;;;;;;Der Dialog ist ungültig. Bitte melden Sie sich erneut an.;Der Dialog ist ungültig. Bitte melden Sie sich erneut an.;Der Dialog ist ungültig. Bitte melden Sie sich erneut an.;Der Dialog ist ungültig. Bitte melden Sie sich erneut an.;;
DialogException.InfoCode;;;;;;;;;;;;;;;;;;;;;;;;;;;;;CL-01085;CL-01085;CL-01085;CL-01085;;
DialogException.ExceptionCode;;;;;;;;;;;;;;;;;;;;;;;;;;;;;1;1;1;1;;
DialogException.ExceptionTyp;;;;;;;;;;;;;;;;;;;;;;;;;;;;;DIALOG_INVALID;DIALOG_INVALID;DIALOG_INVALID;DIALOG_INVALID;;
DialogException.ExceptionName;;;;;;;;;;;;;;;;;;;;;;;;;;;;;DialogException;DialogException;DialogException;DialogException;;
AccessException.ExceptionName;;;;;;;;;;;;;;;;;;;;;;;;;;;;;;;;;AccessException;AccessException
AccessException.ExceptionCode;;;;;;;;;;;;;;;;;;;;;;;;;;;;;;;;;62;62
AccessException.InfoCode;;;;;;;;;;;;;;;;;;;;;;;;;;;;;;;;;CL-A0005;CL-A0005
AccessException.InfoText;;;;;;;;;;;;;;;;;;;;;;;;;;;;;;;;;Es existiert keine Berechtigung zum Aufruf dieser Funktion.;Es existiert keine Berechtigung zum Aufruf dieser Funktion.
AccessException.Information;;;;;;;;;;;;;;;;;;;;;;;;;;;;;;;;;Es existiert keine Berechtigung zum Aufruf dieser Funktion.;Es existiert keine Berechtigung zum Aufruf dieser Funktion.
