Parameter Name;PST_EXPORT_GF_001_process_XML_Pseudonymisierungsvorschrift_1_VUNEUTESTNR20260101;PST_EXPORT_GF_002_process_XML_Pseudonymisierungsvorschrift_2_BKFDHTESTNR20260101;PST_EXPORT_GF_003_process_TSV_Pseudonymisierungsvorschrift_2_STPTETEST_TELEMEDIZINISCHEKONSULTATIONPERSONALISIERT;PST_EXPORT_GF_004_process_TSV_vbPKPseudonymisierung_INPVPTEST_KRANKENANSTALTENAUFNAHMEEREIGNISBMGPERSONALISIERT;PST_EXPORT_GF_005_process_SigniertN_Pseudonymisierungsvorschrift_3_DWHSTTEST_DWHSTATPERSONALISIERT;PST_EXPORT_GF_006_process_SigniertN_HSM_Pseudonymisierungsvorschrift_3_STPDWTEST_KALLEISTUNGSERBRINGERPERSONALISIERT;PST_EXPORT_GF_007_process_XML_2_Bestande (OK-OK)_Pseudonymisierungsvorschrift_1_VUNEUTESTNR20260101;PST_EXPORT_GF_008_process_XML_2_Bestande (OK-NOK) Pseudonymisierungsvorschrift_1_VUNEUTESTNR20260101
TC_NAME;PST_EXPORT_GF_001;PST_EXPORT_GF_002;PST_EXPORT_GF_003;PST_EXPORT_GF_004;PST_EXPORT_GF_005;PST_EXPORT_GF_006;PST_EXPORT_GF_007;PST_EXPORT_GF_008
Preparation.Auftrag.VUNEUTESTNR20260101.aktive;y;n;n;n;n;n;n;n
Preparation.Auftrag.STPETEST_BKFDHTESTNR20260101.aktive;n;y;n;n;n;n;n;n
Preparation.Auftrag.STPTETEST_TELEMEDIZINISCHEKONSULTATIONPERSONALISIERT.aktive;n;n;y;n;n;n;n;n
Preparation.Auftrag.INPVPTEST_KRANKENANSTALTENAUFNAHMEEREIGNISBMGPERSONALISIERT_1.aktive;n;n;n;y;n;n;n;n
Preparation.Auftrag.DWHSTTEST_DWHSTATPERSONALISIERT_1.aktive;n;n;n;n;y;n;n;n
Preparation.Auftrag.STPDWTEST_KALLEISTUNGSERBRINGERPERSONALISIERT.aktive;n;n;n;n;n;y;n;n
Preparation.Auftrag.VUNEUTESTNR20260101_OK_OK.aktive;n;n;n;n;n;n;y;n
Preparation.Auftrag.VUNEUTESTNR2026010_OK_NOK.aktive;n;n;n;n;n;n;n;y
ImportChecks.Check01.Key;PST_F401;PST_F401;PST_F401;PST_F401;PST_F401;PST_F401;PST_F401;PST_F401
ImportChecks.Check01.Value;1;1;1;1;1;1;1;1
ImportChecks.Check02.Key;PST_F404;PST_F404;PST_F404;PST_F404;PST_F404;PST_F404;PST_F404;PST_F301
ImportChecks.Check02.Value;1;1;1;1;1;1;2;1
ImportChecks.Check03.Key;PST_F406;PST_F406;PST_F406;PST_F406;PST_F406;PST_F406;PST_F406;PST_F405
ImportChecks.Check03.Value;1;1;1;1;1;1;1;1
ImportChecks.Check04.Key;PST_F402;PST_F402;PST_F402;PST_F402;PST_F402;PST_F402;PST_F402;PST_F404
ImportChecks.Check04.Value;1;1;1;1;1;1;1;1
ImportChecks.Check05.Key;Datenimport beendet, Exitcode: 0.;Datenimport beendet, Exitcode: 0.;Datenimport beendet, Exitcode: 0.;Datenimport beendet, Exitcode: 0.;Datenimport beendet, Exitcode: 0.;Datenimport beendet, Exitcode: 0.;Datenimport beendet, Exitcode: 0.;PST_F407
ImportChecks.Check05.Value;1;1;1;1;1;1;1;1
ImportChecks.Check06.Key;;;;;;;;PST_F402
ImportChecks.Check06.Value;;;;;;;;1
ImportChecks.Check07.Key;;;;;;;;Datenimport beendet, Exitcode: 2.
ImportChecks.Check07.Value;;;;;;;;1
ImportChecks.Check08.Key;;;;;;;;
ImportChecks.Check08.Value;;;;;;;;
ImportChecks.Check09.Key;;;;;;;;
ImportChecks.Check09.Value;;;;;;;;
PstChecks.Check01.Key;PST_F421;PST_F421;PST_F421;PST_F421;PST_F421;PST_F421;PST_F421;PST_F421
PstChecks.Check01.Value;1;1;1;1;1;1;1;1
PstChecks.Check03.Key;PST_F424;PST_F424;PST_F424;PST_F424;PST_F424;PST_F424;PST_F424;PST_F424
PstChecks.Check03.Value;1;1;1;1;1;1;2;1
PstChecks.Check04.Key;PST_F423;PST_F423;PST_F423;PST_F423;PST_F423;PST_F423;PST_F423;PST_F423
PstChecks.Check04.Value;1;1;1;1;1;1;1;1
PstChecks.Check05.Key;PST_F422;PST_F422;PST_F422;PST_F422;PST_F422;PST_F422;PST_F422;PST_F422
PstChecks.Check05.Value;1;1;1;1;1;1;1;1
PstChecks.Check06.Key;PST beendet, Exitcode: 0.;PST beendet, Exitcode: 0.;PST beendet, Exitcode: 0.;PST beendet, Exitcode: 0.;PST beendet, Exitcode: 0.;PST beendet, Exitcode: 0.;PST beendet, Exitcode: 0.;PST beendet, Exitcode: 0.
PstChecks.Check06.Value;1;1;1;1;1;1;1;1
PstChecks.Check07.Key;Pseudonymisierung gesamt: Von 3;Pseudonymisierung gesamt: Von 3;Pseudonymisierung gesamt: Von 7;Pseudonymisierung gesamt: Von 4;Pseudonymisierung gesamt: Von 7;Pseudonymisierung gesamt: Von 7;Pseudonymisierung gesamt: Von 6;Pseudonymisierung gesamt: Von 3
PstChecks.Check07.Value;1;1;1;1;1;1;1;1
PstChecks.Check08.Key;wurden 3 erfolgreich verarbeitet.;wurden 3 erfolgreich verarbeitet.;wurden 7 erfolgreich verarbeitet.;wurden 4 erfolgreich verarbeitet.;wurden 7 erfolgreich verarbeitet.;wurden 7 erfolgreich verarbeitet.;wurden 6 erfolgreich verarbeitet.;wurden 3 erfolgreich verarbeitet.
PstChecks.Check08.Value;2;2;2;2;2;2;1;2
PstChecks.Check09.Key;;;;;;;;
PstChecks.Check09.Value;;;;;;;;
ExportChecks.Check01.Key;PST_F451;PST_F451;PST_F451;PST_F451;PST_F451;PST_F451;PST_F451;PST_F451
ExportChecks.Check01.Value;1;1;1;1;1;1;1;1
ExportChecks.Check02.Key;PST_F454;PST_F454;PST_F454;PST_F454;PST_F454;PST_F454;PST_F454;PST_F454
ExportChecks.Check02.Value;1;1;1;1;1;1;2;1
ExportChecks.Check03.Key;PST_F452;PST_F452;PST_F452;PST_F452;PST_F452;PST_F452;PST_F452;PST_F452
ExportChecks.Check03.Value;1;1;1;1;1;1;1;1
ExportChecks.Check04.Key;PST_F456;PST_F456;PST_F456;PST_F456;PST_F456;PST_F456;PST_F456;PST_F456
ExportChecks.Check04.Value;1;1;1;1;1;1;1;1
ExportChecks.Check05.Key; wurde erfolgreich exportiert.; wurde erfolgreich exportiert.; wurde erfolgreich exportiert.; wurde erfolgreich exportiert.; wurde erfolgreich exportiert.; wurde erfolgreich exportiert.; wurde erfolgreich exportiert.; wurde erfolgreich exportiert.
ExportChecks.Check05.Value;2;2;2;2;2;2;3;2
ExportChecks.Check06.Key;;;;;;;;
ExportChecks.Check06.Value;;;;;;;;
ExportChecks.Check07.Key;;;;;;;;
ExportChecks.Check07.Value;;;;;;;;
ExportChecks.Check08.Key;;;;;;;;
ExportChecks.Check08.Value;;;;;;;;
ErrorManipulation;PST_F406;n;n;n;n;n;n;n
