testcaseName;TC001_Baseline_valid_request;TC002_Full_request;TC003_shipDate_valid_date_time_format;TC004_shipDate_invalid_date_time_format;TC005_status_valid_enum_value;TC006_status_valid_enum_value;TC007_status_valid_enum_value;TC008_status_invalid_enum_value
testcaseDescription;Baseline valid request;Full request;shipDate valid date-time format;shipDate invalid date-time format;status valid enum value;status valid enum value;status valid enum value;status invalid enum value
apiEndpoint;/store/order;/store/order;/store/order;/store/order;/store/order;/store/order;/store/order;/store/order
statusCode;200;200;200;{NULL};200;200;200;{NULL}
id;{NULL};10;{NULL};{NULL};{NULL};{NULL};{NULL};{NULL}
petId;{NULL};198772;{NULL};{NULL};{NULL};{NULL};{NULL};{NULL}
quantity;{NULL};7;{NULL};{NULL};{NULL};{NULL};{NULL};{NULL}
shipDate;{NULL};2026-01-15T12:00Z;{NULL};{NULL};{NULL};{NULL};{NULL};{NULL}
status;{NULL};approved;{NULL};{NULL};{NULL};{NULL};{NULL};{NULL}
complete;{NULL};true;{NULL};{NULL};{NULL};{NULL};{NULL};{NULL}
