Parameter Name;OclMUHI_SS12 Token Null, SVN-Eingabe, Adresse_min_GF;OclMUHI_SS12 Token Null, SVPerson kein Druckname, Adresse_min_GF_1;OclMUHI_SS12 Token Null,SVN-Eingabe,GF_1VP-120006,GF;OclMUHI_SS12 Token Empty, SVN-Eingabe_GF;OclMuhi_SS12_Staatencode_NLD_GF;OclMuhi_SS12_Staatencode _BGR_GF;OclMuhi_SS12_Staatencode _FRA_GF;OclMuhi_SS12 _Strassenname ist Ort_GF;OclMUHI_SS12 VPNR Recht MUHI_IND_GF;OclMuhi_SS12_CardToken gesetzt_GF;OclMUHI_SS12 Token Empty, SVN-Eingabe_vorauss. Geburtsdatum heute_GF;OclMUHI_SS12_SVNR mehrfach versichert_Adresse-max_GF;OclMuhi_SS12_SVNR gesetzt_APO-Vertrag_FF;OclMuhi_SS12_VP_kein Recht_MUHI.CORE_BVA_FF;OclMuhi_SS12_SVNR_nicht-in-DB_FF;OclMuhi_SS12_SVNR_ungültig_FF;OclMuhi_SS12_SVNR_Anspruch_nicht_ÖGK_FF;OclMuhi_SS12_SVNR_abgeleiteter_Anspruch_GF;OclMUHI_SS12_DialogId Länge _FF;OclMUHI_SS12_DialogId not existing_FF;OclMUHI_SS12_DialogId NULL_FF;OclMUHI_SS12_DialogId leer_FF;OclMUHI_SS12_SVSV-Token, SVNR-Eingabe unterschiedlich_ZS00167;OclMUHI_SS12_VPSV-Token - Type not allowed_ZS-00174;OclMUHI_SS12_SVSV, e-Card-Token ungültig_ZS-00165;OclMUHI_SS12_ SVSV-Token, anderer VP_ZS-00168;FF: MeldungAnlegen, SVSV-Token_Zertifikatfehler _Karte ungültig_ZS-00044;OclMuhi_SS12 vorauss. Geburtstermin- falsches Format ZS-3300013_FF;OclMuhi_SS12_vorauss. Geburtstermin falsches_Format_1_FF;OclMuhi_SS12_vorauss. Geburtstermin empty ZS-3300011_FF;OclMuhi_SS12_vorauss. Geburtstermin null ZS-3300011_FF;OclMUHI_SS12_vorauss. Geburtstermin in Vergangenheit_FF;OclMUHI_SS12_vorauss. Geburtstermin mehr als 12 Wochen in Zukunft_FF;OclMuhi_SS12_Adresse - leer_FF;OclMuhi_SS12_Adresse - Strasse leer  ZS-3301101_FF;OclMuhi_SS12_Adresse - Strasse null ZS-3301101_FF;OclMuhi_SS12_Adresse - Strasse zulang ZS-3301103_FF;OclMUHI_SS12_Adresse - Ort leer_FF;OclMUHI_SS12_Adresse - Ort null_FF;OclMUHI_SS12_Adresse - Ort zulang_FF;OclMuhi_SS12_Adresse - Postleitzahl leer ZS-3301121_FF;OclMuhi_SS12_Adresse - Postleitzahl null ZS-3301121_FF;OclMuhi_SS12_Adresse - Postleitzahl zu lang ZS-3301123_FF;OclMuhi_SS12_Adresse - Staatencode fehlt -ZS-3301131_FF;OclMuhi_SS12_Adresse - Staatencode  Format falsch ZS-3301133_FF;OclMuhi_SS12_Adresse - Staatencode  Wert  falsch ZS-3301134_FF
DialogID;{B[dialogId]};{B[dialogId]};{B[dialogId]};{B[dialogId]};{B[dialogId]};{B[dialogId]};{B[dialogId]};{B[dialogId]};{B[dialogId]};{B[dialogId]};{B[dialogId]};{B[dialogId]};{B[dialogId]};{B[dialogId]};{B[dialogId]};{B[dialogId]};{B[dialogId]};{B[dialogId]};Mj00rinv1nfRMji2KbgKwwGCnbhGRwAAhU;Mj00rinv1nfRMji2KbgKwwGCnbhGRwAA;{NULL};{EMPTY};{B[dialogId]};{B[dialogId]};{B[dialogId]};{B[dialogId]};{B[dialogId]};{B[dialogId]};{B[dialogId]};{B[dialogId]};{B[dialogId]};{B[dialogId]};{B[dialogId]};{B[dialogId]};{B[dialogId]};{B[dialogId]};{B[dialogId]};{B[dialogId]};{B[dialogId]};{B[dialogId]};{B[dialogId]};{B[dialogId]};{B[dialogId]};{B[dialogId]};{B[dialogId]};{B[dialogId]}
Vertragspartner;336010;336010;336010;336010;336010;336010;336010;336010;336047;336010;336010;336010;336031;336026;336010;336010;336010;336010;336010;336010;336010;336010;336010;336010;336010;336010;336010;336010;336010;336010;336010;336010;336010;336010;336010;336010;336010;336010;336010;336010;336010;336010;336010;336010;336010;336010
Vertragspartner.VPNR;336010;336010;336010;336010;336010;336010;336010;336010;336047;336010;336010;336010;336031;336026;336010;336010;336010;336010;336010;336010;336010;336010;336010;336010;336010;336010;336010;336010;336010;336010;336010;336010;336010;336010;336010;336010;336010;336010;336010;336010;336010;336010;336010;336010;336010;336010
Vertragspartner.OrdinationsId;99;99;99;99;99;99;99;99;99;99;99;99;99;98;99;99;99;99;99;99;99;99;99;99;99;99;99;99;99;99;99;99;99;99;99;99;99;99;99;99;99;99;99;99;99;99
Vertragspartner.Ord_id;15682607;15682607;15682607;15682607;15682607;15682607;15682607;15682607;15682603;15682607;15682607;15682607;15682602;15682601;15682607;15682607;15682607;15682607;15682607;15682607;15682607;15682607;15682607;15682607;15682607;15682607;15682607;15682607;15682607;15682607;15682607;15682607;15682607;15682607;15682607;15682607;15682607;15682607;15682607;15682607;15682607;15682607;15682607;15682607;15682607;15682607
CardToken.TokenWert;{NULL};{NULL};{NULL};{EMPTY};;;;;{NULL};{NULL};{EMPTY};{NULL};{NULL};{NULL};{NULL};{NULL};{NULL};{NULL};;;;;;;{B[token]}AAAA;;;;;;;;;;;;;{EMPTY};{EMPTY};{EMPTY};;;;;;
Replayable;x;;;;;;;;;;;;;;;;;;;;;;;;;;;;;;;;;;;;;;;;;;;;;
Instanz;ALL;ALL;ALL;ALL;ALL;ALL;ALL;ALL;ALL;ALL;ALL;ALL;ALL;ALL;ALL;ALL;ALL;ALL;ALL;ALL;ALL;ALL;ALL;ALL;ALL;ALL;;ALL;ALL;ALL;ALL;ALL;ALL;ALL;ALL;ALL;ALL;ALL;ALL;ALL;ALL;ALL;ALL;ALL;ALL;ALL
Vorraussichtlicher_Geburtstermin;in 12 Wochen_absol.BV_GW;in 12 Wochen_absol.BV_GW;in 12 Wochen_absol.BV_GW;in 12 Wochen_absol.BV_GW;in 12 Wochen_absol.BV_GW;in 12 Wochen_absol.BV_GW;in 12 Wochen_absol.BV_GW;in 12 Wochen_absol.BV_GW;in 12 Wochen_absol.BV_GW;in 12 Wochen_absol.BV_GW;heute;in 12 Wochen_absol.BV_GW;in 12 Wochen_absol.BV_GW;in 12 Wochen_absol.BV_GW;in 12 Wochen_absol.BV_GW;in 12 Wochen_absol.BV_GW;in 12 Wochen_absol.BV_GW;in 12 Wochen_absol.BV_GW;in 12 Wochen_absol.BV_GW;in 12 Wochen_absol.BV_GW;in 12 Wochen_absol.BV_GW;in 12 Wochen_absol.BV_GW;in 12 Wochen_absol.BV_GW;in 12 Wochen_absol.BV_GW;in 12 Wochen_absol.BV_GW;in 12 Wochen_absol.BV_GW;in 12 Wochen_absol.BV_GW;falsches Format;falsches Format;leer;null;in Vergangenheit;in 12 Wochen und 1 Tag_absol.BV_ueberschritten;in 12 Wochen_absol.BV_GW;in 12 Wochen_absol.BV_GW;in 12 Wochen_absol.BV_GW;in 12 Wochen_absol.BV_GW;in 12 Wochen_absol.BV_GW;in 12 Wochen_absol.BV_GW;in 12 Wochen_absol.BV_GW;in 12 Wochen_absol.BV_GW;in 12 Wochen_absol.BV_GW;in 12 Wochen_absol.BV_GW;in 12 Wochen_absol.BV_GW;in 12 Wochen_absol.BV_GW;in 12 Wochen_absol.BV_GW
Vorraussichtlicher_Geburtstermin.Datum;{DATE[][+84d][]};{DATE[][+84d][]};{DATE[][+84d][]};{DATE[][+84d][]};{DATE[][+84d][]};{DATE[][+84d][]};{DATE[][+84d][]};{DATE[][+84d][]};{DATE[][+84d][]};{DATE[][+84d][]};{DATE[][][]};{DATE[][+84d][]};{DATE[][+84d][]};{DATE[][+84d][]};{DATE[][+84d][]};{DATE[][+84d][]};{DATE[][+84d][]};{DATE[][+84d][]};{DATE[][+84d][]};{DATE[][+84d][]};{DATE[][+84d][]};{DATE[][+84d][]};{DATE[][+84d][]};{DATE[][+84d][]};{DATE[][+84d][]};{DATE[][+84d][]};{DATE[][+84d][]};aa.bb.cccc;aa.bb.cccc;{EMPTY};{NULL};{DATE[][-1d][]};{DATE[][+85d][]};{DATE[][+84d][]};{DATE[][+84d][]};{DATE[][+84d][]};{DATE[][+84d][]};{DATE[][+84d][]};{DATE[][+84d][]};{DATE[][+84d][]};{DATE[][+84d][]};{DATE[][+84d][]};{DATE[][+84d][]};{DATE[][+84d][]};{DATE[][+84d][]};{DATE[][+84d][]}
Vorraussichtlicher_Geburtstermin.Datum für manuelle TF-altes Format;{DATE+84d};{DATE+84d};{DATE+84d};{DATE+84d};{DATE+84d};{DATE+84d};{DATE+84d};{DATE+84d};{DATE+84d};{DATE+84d};{DATE};{DATE+84d};{DATE+84d};{DATE+84d};{DATE+84d};{DATE+84d};{DATE+84d};{DATE+84d};{DATE+84d};{DATE+84d};{DATE+84d};{DATE+84d};{DATE+84d};{DATE+84d};{DATE+84d};{DATE+84d};{DATE+84d};;;{EMPTY};{NULL};{DATE-1d};{DATE+85d};{DATE+84d};{DATE+84d};{DATE+84d};{DATE+84d};{DATE+84d};{DATE+84d};{DATE+84d};{DATE+84d};{DATE+84d};{DATE+84d};{DATE+84d};{DATE+84d};{DATE+84d}
Vorraussichtlicher_Geburtstermin.Schwangerschaftswoche;29;29;29;29;29;29;29;29;29;29;40;29;29;29;29;29;29;29;29;29;29;29;29;29;29;29;29;;;;;;28;29;29;29;29;29;29;29;29;29;29;29;29;29
SVPerson.SVNR;3364013041;3364012081;3364013041;3364011003;3364011003;3364011003;3364011003;3364011003;3364013041;3364011003;3364011003;3366001941;3364011003;3364011003;0000000000;1234567890;3366013002;3367000932;3364011003;3364011003;3364011003;3364011003;3364012081;3364011003;3364011003;3364011003;;3364011003;3364011003;3364011003;3364011003;3364011003;3364011003;3364011003;3364011003;3364011003;3364011003;3364011003;3364011003;3364011003;3364011003;3364011003;3364011003;3364011003;3364011003;3364011003
Name.Vorname;Ludmilla;Herbert;Ludmilla;Elias;Elias;Elias;Elias;Elias;Ludmilla;Elias;Elias;Sascha;Elias;Elias;;SVNR;Hermine;Ruth;Elias;Elias;Elias;Elias;Herbert;Elias;Elias;Elias;;Elias;Elias;Elias;Elias;Elias;Elias;Elias;Elias;Elias;Elias;Elias;Elias;Elias;Elias;Elias;Elias;Elias;Elias;Elias
Name.Nachname;Lodz-MUHI-GUI;Obertupfinger-MUHI-SS12;Lodz-MUHI-GUI;Töröcsik-MUHI-SS12;Töröcsik-MUHI-SS12;Töröcsik-MUHI-SS12;Töröcsik-MUHI-SS12;Töröcsik-MUHI-SS12;Lodz-MUHI-GUI;Töröcsik-MUHI-SS12;Töröcsik-MUHI-SS12;Bauer-Ederle-MUHI-SS12;Töröcsik-MUHI-SS12;Töröcsik-MUHI-SS12;;NICHT_VALID;Lang-MUHI-SS12;Hirschhausen-MUHI-SS12;Töröcsik-MUHI-SS12;Töröcsik-MUHI-SS12;Töröcsik-MUHI-SS12;Töröcsik-MUHI-SS12;Obertupfinger-MUHI-SS12;Töröcsik-MUHI-SS12;Töröcsik-MUHI-SS12;Töröcsik-MUHI-SS12;;Töröcsik-MUHI-SS12;Töröcsik-MUHI-SS12;Töröcsik-MUHI-SS12;Töröcsik-MUHI-SS12;Töröcsik-MUHI-SS12;Töröcsik-MUHI-SS12;Töröcsik-MUHI-SS12;Töröcsik-MUHI-SS12;Töröcsik-MUHI-SS12;Töröcsik-MUHI-SS12;Töröcsik-MUHI-SS12;Töröcsik-MUHI-SS12;Töröcsik-MUHI-SS12;Töröcsik-MUHI-SS12;Töröcsik-MUHI-SS12;Töröcsik-MUHI-SS12;Töröcsik-MUHI-SS12;Töröcsik-MUHI-SS12;Töröcsik-MUHI-SS12
Druckname.Vorname;Ludmilla;;Ludmilla;Éliás;Éliás;Éliás;Éliás;Éliás;Ludmilla;Éliás;Éliás;;Éliás;Éliás;;;;;Éliás;Éliás;Éliás;Éliás;;Éliás;Éliás;Éliás;;Éliás;Éliás;Éliás;Éliás;Éliás;Éliás;Éliás;Éliás;Éliás;Éliás;Éliás;Éliás;Éliás;Éliás;Éliás;Éliás;Éliás;Éliás;Éliás
Druckname.Nachname;Łódź-MUHI-SS12;;Łódź-MUHI-SS12;Törőcsik-MUHI-SS12;Törőcsik-MUHI-SS12;Törőcsik-MUHI-SS12;Törőcsik-MUHI-SS12;Törőcsik-MUHI-SS12;Łódź-MUHI-SS12;Törőcsik-MUHI-SS12;Törőcsik-MUHI-SS12;;Törőcsik-MUHI-SS12;Törőcsik-MUHI-SS12;;;;;Törőcsik-MUHI-SS12;Törőcsik-MUHI-SS12;Törőcsik-MUHI-SS12;Törőcsik-MUHI-SS12;;Törőcsik-MUHI-SS12;Törőcsik-MUHI-SS12;Törőcsik-MUHI-SS12;;Törőcsik-MUHI-SS12;Törőcsik-MUHI-SS12;Törőcsik-MUHI-SS12;Törőcsik-MUHI-SS12;Törőcsik-MUHI-SS12;Törőcsik-MUHI-SS12;Törőcsik-MUHI-SS12;Törőcsik-MUHI-SS12;Törőcsik-MUHI-SS12;Törőcsik-MUHI-SS12;Törőcsik-MUHI-SS12;Törőcsik-MUHI-SS12;Törőcsik-MUHI-SS12;Törőcsik-MUHI-SS12;Törőcsik-MUHI-SS12;Törőcsik-MUHI-SS12;Törőcsik-MUHI-SS12;Törőcsik-MUHI-SS12;Törőcsik-MUHI-SS12
SVPerson.Geschlecht;M;W;M;W;W;W;W;W;M;W;W;W;W;W;;;M;M;W;W;W;W;W;W;W;W;;W;W;W;W;W;W;W;W;W;W;W;W;W;W;W;W;W;W;W
SVPerson.Geburtsdatum;26.04.1954;05.02.1988;26.04.1954;11.10.1955;11.10.1955;11.10.1955;11.10.1955;11.10.1955;26.04.1954;11.10.1955;11.10.1955;29.07.1971;11.10.1955;11.10.1955;;;10.01.1981;25.12.1954;11.10.1955;11.10.1955;11.10.1955;11.10.1955;05.02.1988;11.10.1955;11.10.1955;11.10.1955;;11.10.1955;11.10.1955;11.10.1955;11.10.1955;11.10.1955;11.10.1955;11.10.1955;11.10.1955;11.10.1955;11.10.1955;11.10.1955;11.10.1955;11.10.1955;11.10.1955;11.10.1955;11.10.1955;11.10.1955;11.10.1955;11.10.1955
Adresse_Patientin;Adresse_min;Adresse_min;Adresse_max;Adresse_gültig;Staatencode_NLD;Staatencode_BGR;Staatencode_FRA;Strassenname ist Ort;Adresse_min;Adresse_gültig;Adresse_gültig;Adresse_max;Adresse_gültig;Adresse_gültig;Adresse_gültig;Adresse_gültig;Adresse_gültig;Adresse_gültig;Adresse_gültig;Adresse_gültig;Adresse_gültig;Adresse_gültig;Adresse_gültig;Adresse_gültig;Adresse_gültig;Adresse_gültig;Adresse_gültig;Adresse_gültig;Adresse_gültig;Adresse_gültig;Adresse_gültig;Adresse_gültig;Adresse_gültig;;Strasse_leer;Strasse_null;Strasse_Format zu lang;Ort_leer;Ort_null;Ort_zu_lang;PLZ_leer;PLZ_null;PLZ_zu_lang;Staatencode_leer;Staatencode_Format_ungültig_zulang;Staatencode_Wert_ungültig
Adresse_Patientin.Ort;A;A;qwertzuiopüasdfghjklöä1234567890ßyxcvbnm;Wien;Testort;Testort;Testort;Einöd;A;Wien;Wien;qwertzuiopüasdfghjklöä1234567890ßyxcvbnm;Wien;Wien;Wien;Wien;Wien;Wien;Wien;Wien;Wien;Wien;Wien;Wien;Wien;Wien;Wien;Wien;Wien;Wien;Wien;Wien;Wien;;Testort;Testort;Testort;{EMPTY};{NULL};123456789012345678901234567890123456789012345678901;Testort;Testort;Testort;Testort;Testort;Testort
Adresse_Patientin.Postleitzahl;101;101;123456789;1010;TestPLZ;TestPLZ;TestPLZ;1234;101;1010;1010;123456789;1010;1010;1010;1010;1010;1010;1010;1010;1010;1010;1010;1010;1010;1010;1010;1010;1010;1010;1010;1010;1010;;TestPLZ;TestPLZ;TestPLZ;TestPLZ;TestPLZ;TestPLZ;{EMPTY};{NULL};12345678901;TestPLZ;TestPLZ;TestPLZ
Adresse_Patientin.Staatencode;NLD;NLD;AUT;AUT;NLD;BGR;FRA;AUT;NLD;AUT;AUT;AUT;AUT;AUT;AUT;AUT;AUT;AUT;AUT;AUT;AUT;AUT;AUT;AUT;AUT;AUT;AUT;AUT;AUT;AUT;AUT;AUT;AUT;;AUT;AUT;AUT;AUT;AUT;AUT;AUT;AUT;AUT;{EMPTY};ABCDEF;ÖÖÖ
Adresse_Patientin.Strasse;A;A;qwertzuiopüasdfghjklöä1234567890ßyxcvbnm1234567890;Stephansplatz 1;Teststraße;Teststraße;Teststraße;1;A;Stephansplatz 1;Stephansplatz 1;qwertzuiopüasdfghjklöä1234567890ßyxcvbnm1234567890;Stephansplatz 1;Stephansplatz 1;Stephansplatz 1;Stephansplatz 1;Stephansplatz 1;Stephansplatz 1;Stephansplatz 1;Stephansplatz 1;Stephansplatz 1;Stephansplatz 1;Stephansplatz 1;Stephansplatz 1;Stephansplatz 1;Stephansplatz 1;Stephansplatz 1;Stephansplatz 1;Stephansplatz 1;Stephansplatz 1;Stephansplatz 1;Stephansplatz 1;Stephansplatz 1;;{EMPTY};{NULL};Das_ist_ein_String_der_laenger_als_50_Zeichen_ist_a;Teststraße;Teststraße;Teststraße;Teststraße;Teststraße;Teststraße;Teststraße;Teststraße;Teststraße
Adresse_Patientin.Staatencode_GUI;Niederlande;Niederlande;Österreich;Österreich;Niederlande;Bulgarien;Frankreich;Österreich;Niederlande;Österreich;Österreich;Österreich;Österreich;Österreich;Österreich;Österreich;Österreich;Österreich;Österreich;Österreich;Österreich;Österreich;Österreich;Österreich;Österreich;Österreich;Österreich;Österreich;Österreich;Österreich;Österreich;Österreich;Österreich;;Österreich;Österreich;Österreich;Österreich;Österreich;Österreich;Österreich;Österreich;Österreich;;;Österreich
CardToken.Tokentyp;;;;;;;;;;SVSV;;;;;;;;;;;;;SVSV;VPSV;;SVSV;;;;;;;;;;;;;;;;;;;;
CardToken.SVNR-Karte;;;;;;;;;;3364011003;;;;;;;;;;;;;3364011003;;3364011003;3364011003;3365012032;;;;;;;;;;;;;;;;;;;
CardToken.VPNR;;;;;;;;;;336010;;;;;;;;;;;;;336010;;336010;336005;336010;;;;;;;;;;;;;;;;;;;
AccessException;;;;;;;;;;;;;CL-A0005_MUHI_ExceptionCode_62;CL-A0005_MUHI_ExceptionCode_62;;;;;;;;;;;;;;;;;;;;;;;;;;;;;;;;
AccessException.ExceptionName;;;;;;;;;;;;;AccessException;AccessException;;;;;;;;;;;;;;;;;;;;;;;;;;;;;;;;
AccessException.ExceptionCode;;;;;;;;;;;;;62;62;;;;;;;;;;;;;;;;;;;;;;;;;;;;;;;;
AccessException.InfoCode;;;;;;;;;;;;;CL-A0005;CL-A0005;;;;;;;;;;;;;;;;;;;;;;;;;;;;;;;;
AccessException.InfoText;;;;;;;;;;;;;Es existiert keine Berechtigung zum Aufruf dieser Funktion.;Es existiert keine Berechtigung zum Aufruf dieser Funktion.;;;;;;;;;;;;;;;;;;;;;;;;;;;;;;;;
AccessException.Information;;;;;;;;;;;;;Es existiert keine Berechtigung zum Aufruf dieser Funktion.;Es existiert keine Berechtigung zum Aufruf dieser Funktion.;;;;;;;;;;;;;;;;;;;;;;;;;;;;;;;;
MuhiException;;;;;;;;;;;;;;;ZS-3300002;ZS-3300024;ZS-3300003;;;;;;;;;;;ZS-3300013;ZS-3300013;ZS-3300011;ZS-3300011;ZS-3300014;ZS-3301201;ZS-3301011;ZS-3301101;ZS-3301101;ZS-3301103;ZS-3301111;ZS-3301111;ZS-3301113;ZS-3301121;ZS-3301121;ZS-3301123;ZS-3301131;ZS-3301133;ZS-3301134
MuhiException.ExceptionName;;;;;;;;;;;;;;;MuhiException;MuhiException;MuhiException;;;;;;;;;;;MuhiException;MuhiException;MuhiException;MuhiException;MuhiException;MuhiException;MuhiException;MuhiException;MuhiException;MuhiException;MuhiException;MuhiException;MuhiException;MuhiException;MuhiException;MuhiException;MuhiException;MuhiException;MuhiException
MuhiException.InfoCode;;;;;;;;;;;;;;;ZS-3300002;ZS-3300024;ZS-3300003;;;;;;;;;;;ZS-3300013;ZS-3300013;ZS-3300011;ZS-3300011;ZS-3300014;ZS-3301201;ZS-3301011;ZS-3301101;ZS-3301101;ZS-3301103;ZS-3301111;ZS-3301111;ZS-3301113;ZS-3301121;ZS-3301121;ZS-3301123;ZS-3301131;ZS-3301133;ZS-3301134
MuhiException.ExceptionTyp;;;;;;;;;;;;;;;VNSR_UNKNOWN;VSNR_INVALID;NO_ANSPRUCH;;;;;;;;;;;VORAUSSICHTLICHER_GEBURTSTERMIN_FORMAT;VORAUSSICHTLICHER_GEBURTSTERMIN_FORMAT;VORAUSSICHTLICHER_GEBURTSTERMIN_REQUIRED;VORAUSSICHTLICHER_GEBURTSTERMIN_REQUIRED;VORAUSSICHTLICHER_GEBURTSTERMIN_INVALID;ABS_VERBOT_TOO_EARLY;ADRESSE_REQUIRED;STRASSE_REQUIRED;STRASSE_REQUIRED;STRASSE_FORMAT;ORT_REQUIRED;ORT_REQUIRED;ORT_FORMAT;POSTLEITZAHL_REQUIRED;POSTLEITZAHL_REQUIRED;POSTLEITZAHL_FORMAT;STAATENCODE_REQUIRED;STAATENCODE_FORMAT;STAATENCODE_INVALID
MuhiException.ExceptionCode;;;;;;;;;;;;;;;2;4;5;;;;;;;;;;;7;7;6;6;8;23;14;15;15;16;56;56;17;18;18;19;20;21;22
MuhiException.InfoText;;;;;;;;;;;;;;;Die SV-Nummer ist im e-Card System nicht bekannt.;Der Wert in SV-Nummer ist ungültig.;Die Patientin hat keinen für MUHI passenden Anspruch.;;;;;;;;;;;Das Format von voraussichtlicher Geburtstermin ist ungültig.;Das Format von voraussichtlicher Geburtstermin ist ungültig.;Voraussichtlicher Geburtstermin ist ein Pflichtfeld.;Voraussichtlicher Geburtstermin ist ein Pflichtfeld.;Der Wert in voraussichtlicher Geburtstermin ist ungültig. (Der Wert darf nicht in der Vergangenheit liegen.);Für die Patientin kann derzeit kein absolutes Beschäftigungsverbot eingemeldet werden, weil der voraussichtliche Geburtstermin mehr als 12 Wochen in der Zukunft liegt.;Adresse ist ein Pflichtfeld.;Straße ist ein Pflichtfeld.;Straße ist ein Pflichtfeld.;Das Format von Straße ist ungültig.;Ort ist ein Pflichtfeld.;Ort ist ein Pflichtfeld.;Das Format von Ort ist ungültig.;Postleitzahl ist ein Pflichtfeld.;Postleitzahl ist ein Pflichtfeld.;Das Format von Postleitzahl ist ungültig.;Staatencode ist ein Pflichtfeld.;Das Format von Staatencode ist ungültig.;Der Wert in Staatencode ist ungültig.
DialogException;;;;;;;;;;;;;;;;;;;CL-01085;CL-01085;CL-01085;CL-01085;ZS-00167_ecard;ZS-00174;ZS-00165_ecard;ZS-00168_ecard;ZS-00044_eCard;;;;;;;;;;;;;;;;;;;
DialogException.Information;;;;;;;;;;;;;;;;;;;Die angegebene Dialog Id ist ungültig. Hinweis: Diese Exception tritt in folgenden Fällen auf: Eine Zeitüberschreitung wurde am Client erkannt und das Erkennen liegt schon zu lange zurück. Ein unerwarteter Fehler beim Zugiff auf den Dialog (auch falsche DialogId). Der Dialog wurde ohne Failover-Kennzeichen aufgebaut, aber im möglichen Failover-Fall wird erkannt, dass die Funktion mit Failover-Information (TransaktionsId im Header) aufgerufen wurde.;Die angegebene Dialog Id ist ungültig. Hinweis: Diese Exception tritt in folgenden Fällen auf: Eine Zeitüberschreitung wurde am Client erkannt und das Erkennen liegt schon zu lange zurück. Ein unerwarteter Fehler beim Zugiff auf den Dialog (auch falsche DialogId). Der Dialog wurde ohne Failover-Kennzeichen aufgebaut, aber im möglichen Failover-Fall wird erkannt, dass die Funktion mit Failover-Information (TransaktionsId im Header) aufgerufen wurde.;Die angegebene Dialog Id ist ungültig. Hinweis: Diese Exception tritt in folgenden Fällen auf: Eine Zeitüberschreitung wurde am Client erkannt und das Erkennen liegt schon zu lange zurück. Ein unerwarteter Fehler beim Zugiff auf den Dialog (auch falsche DialogId). Der Dialog wurde ohne Failover-Kennzeichen aufgebaut, aber im möglichen Failover-Fall wird erkannt, dass die Funktion mit Failover-Information (TransaktionsId im Header) aufgerufen wurde.;Die angegebene Dialog Id ist ungültig. Hinweis: Diese Exception tritt in folgenden Fällen auf: Eine Zeitüberschreitung wurde am Client erkannt und das Erkennen liegt schon zu lange zurück. Ein unerwarteter Fehler beim Zugiff auf den Dialog (auch falsche DialogId). Der Dialog wurde ohne Failover-Kennzeichen aufgebaut, aber im möglichen Failover-Fall wird erkannt, dass die Funktion mit Failover-Information (TransaktionsId im Header) aufgerufen wurde.;Die SV-Nummer des e-Card-Token stimmt nicht mit der eingegebenen SV-Nummer überein.;Der Tokentyp (ocard) ist nicht erlaubt;e-CardToken ist ungültig;e-CardToken ist gehört einem anderen Vertragspartner;Die zur Authentifizierung verwendete e-card ist am e-card Serversytem gesperrt.;;;;;;;;;;;;;;;;;;;
DialogException.InfoText;;;;;;;;;;;;;;;;;;;Der Dialog ist ungültig. Bitte melden Sie sich erneut an.;Der Dialog ist ungültig. Bitte melden Sie sich erneut an.;Der Dialog ist ungültig. Bitte melden Sie sich erneut an.;Der Dialog ist ungültig. Bitte melden Sie sich erneut an.;Die SV-Nummer der verwendeten e-card stimmt nicht mit der angegebenen SV-Nummer überein.;Die Verwendung dieser Funktion mit einer Admin-Karte ist nicht zulässig.;Das angegebene e-card-Token ist ungültig.;Das angegebene e-card-Token ist einem anderen Vertragspartner zugeordnet.;Die e-card wird nicht akzeptiert (gesperrt, abgelaufen). Bitte informieren Sie den Karteninhaber.;;;;;;;;;;;;;;;;;;;
DialogException.InfoCode;;;;;;;;;;;;;;;;;;;CL-01085;CL-01085;CL-01085;CL-01085;ZS-00167;ZS-00174;ZS-00165;ZS-00168;ZS-00044;;;;;;;;;;;;;;;;;;;
DialogException.ExceptionCode;;;;;;;;;;;;;;;;;;;1;1;1;1;65;67;63;66;5;;;;;;;;;;;;;;;;;;;
DialogException.ExceptionTyp;;;;;;;;;;;;;;;;;;;DIALOG_INVALID;DIALOG_INVALID;DIALOG_INVALID;DIALOG_INVALID;CARDTOKEN_SVNR_MISMATCH;CARDTOKEN_TYPE_NOT_ALLOWED;CARDTOKEN_INVALID;CARDTOKEN_VPNR_MISMATCH;ECARD_INVALID;;;;;;;;;;;;;;;;;;;
DialogException.ExceptionName;;;;;;;;;;;;;;;;;;;DialogException;DialogException;DialogException;DialogException;DialogException;DialogException;DialogException;DialogException;DialogException;;;;;;;;;;;;;;;;;;;
DialogException.Release;;;;;;;;;;;;;;;;;;;;;;;20a;20a;20a;20a;;;;;;;;;;;;;;;;;;;;
CardToken.VPNR-Karte;;;;;;;;;;;;;;;;;;;;;;;;336010;;;;;;;;;;;;;;;;;;;;;;
CardToken.SVNR;;;;;;;;;;;;;;;;;;;;;;;;3364011003;3364011003;3364011003;3365012032;;;;;;;;;;;;;;;;;;;
