ParameterName;OclMuhi_SS12_SVNR gesetzt_Eigenanspruch_ÖGK_GF;OclMuhi_SS12_vorauss. Geburtsdatum 11 W u1 Tag_GF;OclMuhi_SS12_vorauss. Geburtsdatum morgen_GF;OclMuhi_SS12_CardToken gesetzt_mit_SVNR_GF;OclMuhi_SS12_SVNR_mehrfach_versichert_GF;OclMuhi_SS12_SVNR_kein Druckname_GF;OclMuhi_SS12_SVNR gesetzt_APO-Vertrag_FF;OclMuhi_SS12_VP_kein_Recht_MUHI.CORE_BVA_FF;OclMuhi_SS12_SVNR_nicht-in-DB_FF;OclMuhi_SS12_SVNR_ungültig_FF;OclMuhi_SS12_SVNR_Anspruch_nicht_ÖGK_FF;OclMuhi_SS12_SVNR_abgeleiteter_Anspruch_GF;OclMuhi_SS12_DialogId Länge (33)_FF;OclMuhi_SS12_DialogId not existing_FF;OclMuhi_SS12_DialogId NULL_FF;OclMuhi_SS12_DialogId leer_FF;OclMuhi_SS12_SVSV-Token, SVNR-Eingabe unterschiedlich_ZS00167_FF;OclMuhi_SS12_e-Card-Token ungültig_ZS-00165_FF;OclMuhi_SS12_SVSV-Token, anderer VP_ZS-00168_FF;OclMuhi_SS12_Token Null, SVN-Eingabe_GF;OclMuhi_SS12_Token , Token Empty, SVN-Eingabe_GF;OclMuhi_SS12_Keine e-card gesteckt, keine SV-Numer angegeben_ ZS-3300001_FF;OclMuhi_SS12_voraussichtlicher Geburtstermin fehlt_ZS-3300011_FF;OclMuhi_SS12_Geburtstermin -Datum falsches Format_ ZS-3300013_FF;OclMuhi_SS12_Geburtstermin -Datum liegt in der Vergangenheit_ ZS-3300014_FF;OclMuhi_SS12_Geburtsdatum liegt mehr als 40 Wochen in der Zukunft_ZS-3300015_FF
Instanz;ALL;ALL;ALL;ALL;ALL;ALL;ALL;ALL;ALL;ALL;ALL;ALL;ALL;ALL;ALL;ALL;ALL;ALL;ALL;ALL;ALL;ALL;ALL;ALL;ALL;ALL
Replayable;;;;;;;;;;;;;;;;;;;;;;;;;;
Vertragspartner.VPNR;336010;336010;336010;336010;336010;336010;336031;336026;336010;336010;336010;336010;336010;336010;336010;336010;336010;336010;336010;336010;336010;336010;336010;336010;336010;336010
Vertragspartner.Ord_id;15682607;15682607;15682607;15682607;15682607;15682607;15682602;15682601;15682607;15682607;15682607;15682607;15682607;15682607;15682607;15682607;15682607;15682607;15682607;15682607;15682607;15682607;15682607;15682607;15682607;15682607
Vertragspartner.OrdinationsId;99;99;99;99;99;99;99;98;99;99;99;99;99;99;99;99;99;99;99;99;99;99;99;99;99;99
SVPerson.SVNR;3364011003;3364011003;3364011003;3364011003;3366001941;3364012081;3364011003;3364011003;0000000000;1234567890;3366013002;3367000932;3364013041;3364013041;3364013041;3364013041;3364013041;3364011003;3364011003;3364011003;3364013041;{EMPTY};3364013041;3364013041;3364013041;3364013041
SVPerson.Name.Titel_vorne;;;;;;;;;;;;;;;;;;;;;;;;;;
SVPerson.Name.Vorname;Elias;Elias;Elias;Elias;Sascha;Herbert;Elias;Elias;;;Hermine;Ruth;Ludmilla;Ludmilla;Ludmilla;Ludmilla;Ludmilla;Elias;Elias;Elias;Ludmilla;;Ludmilla;Ludmilla;Ludmilla;Ludmilla
SVPerson.Name.Nachname;Töröcsik-MUHI-SS12;Töröcsik-MUHI-SS12;Töröcsik-MUHI-SS12;Töröcsik-MUHI-SS12;Bauer-Ederle-MUHI-SS12;Obertupfinger-MUHI-SS12;Töröcsik-MUHI-SS12;Töröcsik-MUHI-SS12;;;Lang-MUHI-SS12;Hirschhausen-MUHI-SS12;Lodz-MUHI-SS12;Lodz-MUHI-SS12;Lodz-MUHI-SS12;Lodz-MUHI-SS12;Lodz-MUHI-SS12;Töröcsik-MUHI-SS12;Töröcsik-MUHI-SS12;Töröcsik-MUHI-SS12;Lodz-MUHI-SS12;;Lodz-MUHI-SS12;Lodz-MUHI-SS12;Lodz-MUHI-SS12;Lodz-MUHI-SS12
SVPerson.Name.Titel_hinten;;;;;;;;;;;;;;;;;;;;;;;;;;
SVPerson.Druckname.Titel_vorne;;;;;;;;;;;;;;;;;;;;;;;;;;
SVPerson.Druckname.Vorname;Éliás;Éliás;Éliás;Éliás;;;Éliás;Éliás;;;;;Ludmilla;Ludmilla;Ludmilla;Ludmilla;Ludmilla;Éliás;Éliás;Éliás;Ludmilla;;Ludmilla;Ludmilla;Ludmilla;Ludmilla
SVPerson.Druckname.Nachname;Törőcsik-MUHI-SS12;Törőcsik-MUHI-SS12;Törőcsik-MUHI-SS12;Törőcsik-MUHI-SS12;;;Törőcsik-MUHI-SS12;Törőcsik-MUHI-SS12;;;;;Łódź-MUHI-SS12;Łódź-MUHI-SS12;Łódź-MUHI-SS12;Łódź-MUHI-SS12;Łódź-MUHI-SS12;Törőcsik-MUHI-SS12;Törőcsik-MUHI-SS12;Törőcsik-MUHI-SS12;Łódź-MUHI-SS12;;Łódź-MUHI-SS12;Łódź-MUHI-SS12;Łódź-MUHI-SS12;Łódź-MUHI-SS12
SVPerson.Druckname.Titel_hinten;;;;;;;;;;;;;;;;;;;;;;;;;;
SVPerson.Geschlecht;W;W;W;W;W;W;W;W;;;M;M;M;M;M;M;M;W;W;W;M;;M;M;M;M
SVPerson.Geburtsdatum;11.10.1955;11.10.1955;11.10.1955;11.10.1955;29.07.1971;05.02.1988;11.10.1955;11.10.1955;;;10.01.1981;25.12.1954;26.04.1954;26.04.1954;26.04.1954;26.04.1954;26.04.1954;11.10.1955;11.10.1955;11.10.1955;26.04.1954;;26.04.1954;26.04.1954;26.04.1954;26.04.1954
DialogID;{B[dialogId]};{B[dialogId]};{B[dialogId]};{B[dialogId]};{B[dialogId]};{B[dialogId]};{B[dialogId]};{B[dialogId]};{B[dialogId]};{B[dialogId]};{B[dialogId]};{B[dialogId]};Mj00rinv1nfRMji2KbgKwwGCnbhGRwAAhU;Mj00rinv1nfRMji2KbgKwwGCnbhGRwAA;{NULL};{EMPTY};{B[dialogId]};{B[dialogId]};{B[dialogId]};{B[dialogId]};{B[dialogId]};{B[dialogId]};{B[dialogId]};{B[dialogId]};{B[dialogId]};{B[dialogId]}
CardToken.Tokentyp;;;;SVSV;;;;;;;;;;;;;SVSV;;SVSV;;;;;;;
CardToken.SVNRKarte;;;;3364011003;;;;;;;;;;;;;3364011003;3364011003;3364011003;;;;;;;
CardToken.VPNRKarte;;;;;;;;;;;;;;;;;;;;;;;;;;
CardToken.TokenWert;;;;;;;;;;;;;;;;;;{B[token]}AAAA;;{NULL};{EMPTY};;;;;
CardToken.SVNR;;;;;;;;;;;;;;;;;;;;;;;;;;
CardToken.VPNR;;;;336010;;;;;;;;;;;;;336010;336010;336026;;;;;;;
Vorraussichtlicher_Geburtstermin;in 40 Wochen;in 12 Wochen und 1 Tag_absol.BV_ueberschritten;morgen;in 40 Wochen;in 40 Wochen;in 40 Wochen;in 40 Wochen;in 40 Wochen;in 40 Wochen;in 40 Wochen;in 40 Wochen;in 40 Wochen;in 12 Wochen_absol.BV_GW;in 12 Wochen_absol.BV_GW;in 12 Wochen_absol.BV_GW;in 12 Wochen_absol.BV_GW;in 12 Wochen_absol.BV_GW;in 12 Wochen_absol.BV_GW;in 12 Wochen_absol.BV_GW;in 12 Wochen_absol.BV_GW;in 12 Wochen_absol.BV_GW;in 12 Wochen_absol.BV_GW;null;falsches Format;in Vergangenheit;in 40 Wochen und 1 Tag
MuhiException;;;;;;;;;ZS-3300002;ZS-3300024;ZS-3300003;;;;;;;;;;;ZS-3300001;ZS-3300011;ZS-3300013;ZS-3300014;ZS-3300015
DialogException;;;;;;;;;;;;;CL-01085;CL-01085;CL-01085;CL-01085;ZS-00167_ecard;ZS-00165_ecard;ZS-00168_ecard;;;;;;;
CardException;;;;;;;;;;;;;;;;;;;;;;;;;;
AccessException;;;;;;;CL-A0005_MUHI_ExceptionCode_62;CL-A0005_MUHI_ExceptionCode_62;;;;;;;;;;;;;;;;;;
Vorraussichtlicher_Geburtstermin.Datum;{DATE[][+280d][]};{DATE[][+85d][]};{DATE[][+1d][]};{DATE[][+280d][]};{DATE[][+280d][]};{DATE[][+280d][]};{DATE[][+280d][]};{DATE[][+280d][]};{DATE[][+280d][]};{DATE[][+280d][]};{DATE[][+280d][]};{DATE[][+280d][]};{DATE[][+84d][]};{DATE[][+84d][]};{DATE[][+84d][]};{DATE[][+84d][]};{DATE[][+84d][]};{DATE[][+84d][]};{DATE[][+84d][]};{DATE[][+84d][]};{DATE[][+84d][]};{DATE[][+84d][]};{NULL};aa.bb.cccc;{DATE[][-1d][]};{DATE[][+281d][]}
Vorraussichtlicher_Geburtstermin.Schwangerschaftswoche;1;28;40;1;1;1;1;1;1;1;1;1;29;29;29;29;29;29;29;29;29;29;;;;
Vorraussichtlicher_Geburtstermin.DatumfuermanuelleTFaltesFormat;{DATE+280d};{DATE+85d};{DATE+1d};{DATE+280d};{DATE+280d};{DATE+280d};{DATE+280d};{DATE+280d};{DATE+280d};{DATE+280d};{DATE+280d};{DATE+280d};{DATE+84d};{DATE+84d};{DATE+84d};{DATE+84d};{DATE+84d};{DATE+84d};{DATE+84d};{DATE+84d};{DATE+84d};{DATE+84d};{NULL};;{DATE-1d};{DATE+281d}
AccessException.ExceptionName;;;;;;;AccessException;AccessException;;;;;;;;;;;;;;;;;;
AccessException.ExceptionCode;;;;;;;62;62;;;;;;;;;;;;;;;;;;
AccessException.InfoCode;;;;;;;CL-A0005;CL-A0005;;;;;;;;;;;;;;;;;;
AccessException.InfoText;;;;;;;Es existiert keine Berechtigung zum Aufruf dieser Funktion.;Es existiert keine Berechtigung zum Aufruf dieser Funktion.;;;;;;;;;;;;;;;;;;
AccessException.Information;;;;;;;Es existiert keine Berechtigung zum Aufruf dieser Funktion.;Es existiert keine Berechtigung zum Aufruf dieser Funktion.;;;;;;;;;;;;;;;;;;
MuhiException.ExceptionName;;;;;;;;;MuhiException;MuhiException;MuhiException;;;;;;;;;;;MuhiException;MuhiException;MuhiException;MuhiException;MuhiException
MuhiException.InfoCode;;;;;;;;;ZS-3300002;ZS-3300024;ZS-3300003;;;;;;;;;;;ZS-3300001;ZS-3300011;ZS-3300013;ZS-3300014;ZS-3300015
MuhiException.ExceptionTyp;;;;;;;;;VNSR_UNKNOWN;VSNR_INVALID;NO_ANSPRUCH;;;;;;;;;;;NEITHER_ECARD_NOR_VSNR;VORAUSSICHTLICHER_GEBURTSTERMIN_REQUIRED;VORAUSSICHTLICHER_GEBURTSTERMIN_FORMAT;VORAUSSICHTLICHER_GEBURTSTERMIN_INVALID;VORAUSSICHTLICHER_GEBURTSTERMIN_INVALID2
MuhiException.ExceptionCode;;;;;;;;;2;4;5;;;;;;;;;;;1;6;7;8;9
MuhiException.InfoText;;;;;;;;;Die SV-Nummer ist im e-Card System nicht bekannt.;Der Wert in SV-Nummer ist ungültig.;Die Patientin hat keinen für MUHI passenden Anspruch.;;;;;;;;;;;Es wurde weder eine e-card verwendet, noch eine gültige SV-Nummer angegeben.;Voraussichtlicher Geburtstermin ist ein Pflichtfeld.;Das Format von voraussichtlicher Geburtstermin ist ungültig.;Der Wert in voraussichtlicher Geburtstermin ist ungültig. (Der Wert darf nicht in der Vergangenheit liegen.);Der Wert in voraussichtlicher Geburtstermin ist ungültig. (Der Wert darf nicht mehr als 40 Wochen in der Zukunft liegen.)
DialogException.Information;;;;;;;;;;;;;Die angegebene Dialog Id ist ungültig. Hinweis: Diese Exception tritt in folgenden Fällen auf: Eine Zeitüberschreitung wurde am Client erkannt und das Erkennen liegt schon zu lange zurück. Ein unerwarteter Fehler beim Zugiff auf den Dialog (auch falsche DialogId). Der Dialog wurde ohne Failover-Kennzeichen aufgebaut, aber im möglichen Failover-Fall wird erkannt, dass die Funktion mit Failover-Information (TransaktionsId im Header) aufgerufen wurde.;Die angegebene Dialog Id ist ungültig. Hinweis: Diese Exception tritt in folgenden Fällen auf: Eine Zeitüberschreitung wurde am Client erkannt und das Erkennen liegt schon zu lange zurück. Ein unerwarteter Fehler beim Zugiff auf den Dialog (auch falsche DialogId). Der Dialog wurde ohne Failover-Kennzeichen aufgebaut, aber im möglichen Failover-Fall wird erkannt, dass die Funktion mit Failover-Information (TransaktionsId im Header) aufgerufen wurde.;Die angegebene Dialog Id ist ungültig. Hinweis: Diese Exception tritt in folgenden Fällen auf: Eine Zeitüberschreitung wurde am Client erkannt und das Erkennen liegt schon zu lange zurück. Ein unerwarteter Fehler beim Zugiff auf den Dialog (auch falsche DialogId). Der Dialog wurde ohne Failover-Kennzeichen aufgebaut, aber im möglichen Failover-Fall wird erkannt, dass die Funktion mit Failover-Information (TransaktionsId im Header) aufgerufen wurde.;Die angegebene Dialog Id ist ungültig. Hinweis: Diese Exception tritt in folgenden Fällen auf: Eine Zeitüberschreitung wurde am Client erkannt und das Erkennen liegt schon zu lange zurück. Ein unerwarteter Fehler beim Zugiff auf den Dialog (auch falsche DialogId). Der Dialog wurde ohne Failover-Kennzeichen aufgebaut, aber im möglichen Failover-Fall wird erkannt, dass die Funktion mit Failover-Information (TransaktionsId im Header) aufgerufen wurde.;Die SV-Nummer des e-Card-Token stimmt nicht mit der eingegebenen SV-Nummer überein.;e-CardToken ist ungültig;e-CardToken ist gehört einem anderen Vertragspartner;;;;;;;
DialogException.InfoText;;;;;;;;;;;;;Der Dialog ist ungültig. Bitte melden Sie sich erneut an.;Der Dialog ist ungültig. Bitte melden Sie sich erneut an.;Der Dialog ist ungültig. Bitte melden Sie sich erneut an.;Der Dialog ist ungültig. Bitte melden Sie sich erneut an.;Die SV-Nummer der verwendeten e-card stimmt nicht mit der angegebenen SV-Nummer überein.;Das angegebene e-card-Token ist ungültig.;Das angegebene e-card-Token ist einem anderen Vertragspartner zugeordnet.;;;;;;;
DialogException.InfoCode;;;;;;;;;;;;;CL-01085;CL-01085;CL-01085;CL-01085;ZS-00167;ZS-00165;ZS-00168;;;;;;;
DialogException.ExceptionCode;;;;;;;;;;;;;1;1;1;1;65;63;66;;;;;;;
DialogException.ExceptionTyp;;;;;;;;;;;;;DIALOG_INVALID;DIALOG_INVALID;DIALOG_INVALID;DIALOG_INVALID;CARDTOKEN_SVNR_MISMATCH;CARDTOKEN_INVALID;CARDTOKEN_VPNR_MISMATCH;;;;;;;
DialogException.ExceptionName;;;;;;;;;;;;;DialogException;DialogException;DialogException;DialogException;DialogException;DialogException;DialogException;;;;;;;
DialogException.Release;;;;;;;;;;;;;;;;;20a;20a;20a;;;;;;;
