"";"KONV1";"KONV2";"KONV3";"KONV4";"KONV5";"KONV6";"KONV7"
"OnlineHilfeCheck";"nein";"nein";"nein";"nein";"nein";"nein";"nein"
"KopfdatenCheck";"nein";"nein";"nein";"nein";"nein";"nein";"nein"
"Dialogdaten.Vertragspartner";"900003";"900003";"900003";"";"";"";""
"Dialogdaten.Vertragspartner.VPNR";"900003";"900003";"900003";"";"";"";""
"Dialogdaten.Vertragspartner.Name";"Krankenhaus Test3";"Krankenhaus Test3";"Krankenhaus Test3";"";"";"";""
"Dialogdaten.Vertragspartner.Name.Gesamt";"Krankenhaus Test3";"Krankenhaus Test3";"Krankenhaus Test3";"";"";"";""
"Dialogdaten.Vertragspartner.Name.Vorname";"Krankenhaus";"Krankenhaus";"Krankenhaus";"";"";"";""
"Dialogdaten.Vertragspartner.Name.Nachname";"Test3";"Test3";"Test3";"";"";"";""
"Dialogdaten.Vertragspartner.Druckname";"Krankenhaus Test3";"Krankenhaus Test3";"Krankenhaus Test3";"";"";"";""
"Dialogdaten.Vertragspartner.Druckname.Gesamt";"Krankenhaus Test3";"Krankenhaus Test3";"Krankenhaus Test3";"";"";"";""
"Dialogdaten.Vertragspartner.Druckname.Vorname";"Krankenhaus";"Krankenhaus";"Krankenhaus";"";"";"";""
"Dialogdaten.Vertragspartner.Druckname.Nachname";"Test3";"Test3";"Test3";"";"";"";""
"Dialogdaten.Vertragspartner.Hat_mehrere_Ordinationen";"1";"1";"1";"";"";"";""
"Dialogdaten.Vertragspartner.Geschlecht";"Sächlich";"Sächlich";"Sächlich";"";"";"";""
"Dialogdaten.Vertragspartner.Geschlecht.Anrede_SOAP";"3";"3";"3";"";"";"";""
"Dialogdaten.Ordination";"16021";"16021";"16021";"";"";"";""
"Dialogdaten.Ordination.Ord_id";"16021";"16021";"16021";"";"";"";""
"Dialogdaten.Ordination.OrdinationsId";"98";"98";"98";"";"";"";""
"Dialogdaten.Ordination.Ordi_Default_KVT";"1";"1";"1";"";"";"";""
"Dialogdaten.Ordination.PLZ";"1210";"1210";"1210";"";"";"";""
"Dialogdaten.Ordination.Ort";"WIEN";"WIEN";"WIEN";"";"";"";""
"Dialogdaten.Ordination.Straße";"Abteilung Innere Medizin";"Abteilung Innere Medizin";"Abteilung Innere Medizin";"";"";"";""
"Dialogdaten.Ordination.Hat_mehrere_Fachgebiete";"1";"1";"1";"";"";"";""
"Patientendaten.Karte.SVPerson";"1541010986";"2992291267";"";"";"";"";""
"Patientendaten.Karte.SVPerson.SVNR";"1541010986";"2992291267";"";"";"";"";""
"Patientendaten.Karte.SVPerson.Geburtsdatum";"27.03.1966";"..";"";"";"";"";""
"Patientendaten.Karte.SVPerson.Geburtsdatum.MitPunkt";"27.03.1966";"";"";"";"";"";""
"Patientendaten.Karte.SVPerson.Geburtsdatum.OhnePunkt";"27031966";"..";"";"";"";"";""
"Patientendaten.Karte.SVPerson.Geschlecht";"Weiblich";"Weiblich";"";"";"";"";""
"Patientendaten.Karte.SVPerson.Geschlecht.Anrede_HTML";"Frau";"Frau";"";"";"";"";""
"Patientendaten.Karte.SVPerson.Geschlecht.Anrede_SOAP";"2";"2";"";"";"";"";""
"Patientendaten.Karte.SVPerson.Geschlecht.Anrede_DBAS";"Fr.";"Fr.";"";"";"";"";""
"Patientendaten.Karte.SVPerson.Geschlecht.Geschlecht_SOAP";"W";"W";"";"";"";"";""
"Patientendaten.Karte.SVPerson.Geschlecht.klein";"weiblich";"weiblich";"";"";"";"";""
"Patientendaten.Karte.SVPerson.Name";"Sonja Hohenstaufen";"Michaela Tester2";"";"";"";"";""
"Patientendaten.Karte.SVPerson.Name.Vorname";"Sonja";"Michaela";"";"";"";"";""
"Patientendaten.Karte.SVPerson.Name.Nachname";"Hohenstaufen";"Tester2";"";"";"";"";""
"Patientendaten.Karte.SVPerson.Druckname";" ";" ";"";"";"";"";""
"Konsultation.Konsultationsart";"OKM";"OKM";"OKM";"OKM";"OKM";"OKM";"OKM"
"Konsultation.Konsultationsart.Codewert";"OKM";"OKM";"OKM";"OKM";"OKM";"OKM";"OKM"
"Konsultation.Konsultationsart.Anzeigetext";"Online Konsultation mit e-card";"Online Konsultation mit e-card";"Online Konsultation mit e-card";"Online Konsultation mit e-card";"Online Konsultation mit e-card";"Online Konsultation mit e-card";"Online Konsultation mit e-card"
"Konsultation.Behandlungsfall";"VM";"VM";"VM";"VM";"VM";"VM";"VM"
"Konsultation.Behandlungsfall.Codewert";"VM";"VM";"VM";"VM";"VM";"VM";"VM"
"Konsultation.Behandlungsfall.Anzeigetext";"VU-Mammographie";"VU-Mammographie";"VU-Mammographie";"VU-Mammographie";"VU-Mammographie";"VU-Mammographie";"VU-Mammographie"
"Konsultation.Funktion";"ANLEGEN";"ANLEGEN";"ANLEGEN";"ANLEGEN";"ANLEGEN";"STORNO";"AENDERN"
"Konsultation.Funktion.Beschreibung";"Anlegen einer Konsi";"Anlegen einer Konsi";"Anlegen einer Konsi";"Anlegen einer Konsi";"Anlegen einer Konsi";"Stornieren einer Konsi";"Ändern einer Konsi"
"Datenbank_bereinigen.Konsi_löschen";"ja";"ja";"ja";"ja";"ja";"ja";"ja"
"Datenbank_bereinigen.Token_löschen";"ja";"ja";"ja";"ja";"ja";"ja";"ja"
"Datenbank_bereinigen.Token_einrichten";"ja";"ja";"";"ja";"ja";"ja";"ja"
"Fehlerfall.Fehlerfall";"nein";"nein";"ja";"ja";"ja";"ja";"ja"
"Fehlerfall.Fehlermeldung";"";"";"ZS-00107";"ZS-00108";"ZS-00109";"ZS-00110";"ZS-00111"
"Dokumentation";"";"";"";"ja";"ja";"ja";"ja"
