"";"001.FF: entweder e-card oder eine Admin-Karte (CL-05288) - SVNR nicht im Request";"002.FF: es muss auch eine SV-Nummer angegeben werden (ZS-05019) - VP_SV Token (SVNR-1) ohne SVNR im Request";"003.FF: die Anfrage muss entweder eine e-card verwendet werden oder eine Admin-Karte in Verbindung mit einer SV-Nummer (CL-05288)";"004.FF: Die SVNR stimmt nicht mit der angegebenen SVNR (ZS-00167) - SV_SV Token (SVNR-X) mit SVNR-1 im Request";"005.FF: Die SVNR stimmt nicht mit der angegebenen SVNR  (ZS-00167) - VP_SV Token (SVNR-X) mit SVNR-1 im Request";"006.FF: es ist einem anderen Vertragspartner zugeordnet (ZS-00168) - o-card ungleich Dialogaufbau ohne SVNR im Request";"007.FF: es ist einem anderen Vertragspartner zugeordnet (ZS-00168) - o-card ungleich Dialogaufbau mit SVNR-1 im Request";"008.GF: SVNR-1 im Request,Patient bei einem einzigen Träger versichert (ASVG oder Sonderversicherung)";"008.GF: SVNR-1 im Request,Patient bei einem einzigen Träger versichert (ASVG oder Sonderversicherung)_Replayable";"009.GF: ohne SVNR im Request, Patient ist bei einem einzigen Träger versichert (ASVG oder Sonderversicherung)";"010.GF: SVNR-1 im Request,Patient bei einem einzigen Träger versichert (ASVG oder Sonderversicherung)";"011.FF: verwenden Sie bitte den Ablauf ""Aktuelle Versichertendaten abfragen"" (CL-05286)";"012.FF: Der Wert in Stichtagsdatum ist ungültig (CL-05282) - in Zukunft";"013.FF: Der Wert in Stichtagsdatum ist ungültig (CL-05282) - in Zukunft";"014.FF: Der Wert in Stichtagsdatum ist ungültig (CL-05282) - zu lang";"015.FF: Der Wert in Stichtagsdatum ist ungültig (CL-05282) - zu kurz";"016.FF: Stichtagsdatum ist ein Pflichtfeld (CL-05281) - null";"017.FF: Stichtagsdatum ist ein Pflichtfeld (CL-05281) - leer";"018.FF: Zu dem Datum keine Versichertendaten (CL-05285) - ab = Grenze, aber vor dem 18.01.2005 (first_claim_date)";"019.FF: Zu dem Datum können keine Versichertendaten ermittelt werden (CL-05285) - ab Grenze - 1";"020.FF: Der Wert in Stichtagsdatum ist ungültig (CL-05282) - in Zukunft";"021.FF: Stichtagsdatum ist ein Pflichtfeld (CL-05281) - NOT_SET";"022.FF: Es existiert keine Berechtigung zum Aufruf dieser Funktion (CL-A0005)";"023.FF: Der Dialog ist ungültig. Bitte melden Sie sich erneut an (CL-01085) - DialogId zu lang";"024.FF: Der Dialog ist ungültig. Bitte melden Sie sich erneut an (CL-01085) - DialogId existiert nicht";"025.FF: Der Dialog ist ungültig. Bitte melden Sie sich erneut an (CL-01085) - DialogId null";"026.FF: Der Dialog ist ungültig. Bitte melden Sie sich erneut an (CL-01085) - DialogId leer";"027.FF: Der Wert der abgeleiteten SV-Nummer ist ungültig (CL-05213)";"028.FF: Der Wert der abgeleiteten SV-Nummer ist ungültig (CL-05213)";"029.FF: Der Wert der abgeleiteten SV-Nummer ist ungültig (CL-05213)";"030.FF: Der Wert in KV-Träger ist ungültig (CL-05224) - SVT ungültig";"031.FF: Der Wert in KV-Träger ist ungültig (CL-05224) - SVT 1X ungültig";"032.FF: Das Format von Abteilungs- bzw. Funktionscode ist ungültig (CL-05233)";"033.FF: Zu dem eingegebenen Datum können keine Versichertendaten ermittelt werden (CL-05285)";"034. GF: versicherte Person zum Stichtag verstorben_Todesdatum > Stichtag";"035. GF: versicherte Person zum Stichtag verstorben_Todesdatum = Stichtag";"036.FF: SVNR  als verstorben gemeldet (ZS-05015) - SVNR zum Stichtag verstorben_Todesdatum < Stichtag";"037. GF: Simulator ein Anspruch";"038. GF: Simulator mehrere Ansprüche";"038. GF: Backend (Leitungstest) mehrere Ansprüche_Replayable";"039.FF: Die SV-Nummer svnr existiert nicht oder ist nicht mehr gültig (ZS-05011) - KV1002";"040.FF: Die SV-Nummer svnr existiert nicht oder ist nicht mehr gültig (ZS-05011) - KV1003";"041.FF: Zum Datum kein gültiger KV-Anspruch (ZS-05013) - Foto_info 'FA' zur Beauskunftung vorhanden";"042.FF: Systemfehler beim Backend-Auskunftsservice (ZS-05014) - Systemfehler Backend KV1110";"043.FF: Systemfehler beim Backend-Auskunftsservice (ZS-05014) - Systemfehler Backend KV1134";"044.FF: Zum Datum kein gültiger KV-Anspruch (ZS-05013) - Systemfehler Backend KV1005 (#MR 8799 Eingebracht)";"045.FF: Das Backend-Auskunftsservice steht derzeit nicht zur Verfügung.  (ZS-05012) - (Timeout) <#12823  14b: SVNR=3479311284";"046.FF: Der Wert in KV-Träger ist ungültig (CL-05224) -  abgeleitete Ansprüche auswählen - SVT 28 ECS-11186";"047.FF: Einer der abgeleiteten Ansprüche muss ausgewählt werden (ZS-05007) - abgeleitete Ansprüche auswählen";"048.FF: Einer der ÖGK-Ansprüche muss ausgewählt werden (ZS-05008) - Mehrfachversicherung";"049.FF: Es liegt eine Mehrfachversicherung vor. Einer der Ansprüche muss ausgewählt werden (ZS-05009) ";"050.FF: Die e-card als gestohlen oder verloren gemeldet. (ZS-00099) - Sperrgrund Gruppe 1 = CV, CG";"051.FF: Die e-card wird nicht akzeptiert (gesperrt, abgelaufen). (ZS-00044) - Sperrgrund Gruppe 2 = EK, PG";"052.FF: Die e-card wird nicht akzeptiert (gesperrt, abgelaufen). (ZS-00100) - Sperrgrund Gruppe 3 = CN, CD, NZ, AS, SO, TO";"053.FF: Zum Datum kein gültiger KV-Anspruch (ZS-05013) - KvKvKerm liefert in der Response kein SvtCode zurück";"054.GF: mehrere Ansprüche, ein Anspruch nicht TP1 Relevanz, daher nur ein Anspruch zurückgeliefert.";"055 FF: Zum Datum kein gültiger KV-Anspruch (ZS-05013) - NICHT TP1-relevant. Daher wird herausgefiltert";"056.FF: Zum Datum kein gültiger KV-Anspruch (ZS-05013) - TP1 Relevanz aber KVA_SVC leer";"057.FF: Zum Datum kein gültiger KV-Anspruch (ZS-05013) - TP1 Relevanz aber Versichertenkat leer";"058.FF: Zum Datum kein gültiger KV-Anspruch (ZS-05013) -  TP1 Relevanz aber Versichertenkat und KVA_SVC leer";"059.FF: Zum Datum kein gültiger KV-Anspruch (ZS-05013) - Die Response enthält: KVA_SVC ist null";"060.FF: Zum Datum kein gültiger KV-Anspruch (ZS-05013) - KvKvKerm liefert in der Response kein KV-Anspruch zurcük(Anzahl=0)";"061.FF: Zum Datum kein gültiger KV-Anspruch (ZS-05013)-KvKvKerm liefert in der Response ein KV-Anspruch zurück aber der Anzahl=0";"062.FF: Zum Datum kein gültiger KV-Anspruch (ZS-05013)-KvKvKerm liefert in der Response kein KV-Anspruch zurück aber der Anzahl=1";"063.FF: abgeleiteten Ansprüche  (ZS-05007) - KvKvKerm Response sind 2 KV-Ansprüche zurück aber der Anzahl=1";"064.GF: Online und Batch Ansprüche vorhanden, ZS-05016 in DB und im Event Log geschrieben. SVT = 08  nicht TP1";"065.GF: ZS-05016 und ZS-05017 in DB und Event Log. SVT 07 hearusgefiltert, weil zwei mal gibt-als Batch und als Online Anspruch";"066.GF: ZS-05016 in DB, Event-Log. SVT 13 und Kavonline=false hearusgefiltert, weil zwei mal gibt-als Batch und Online Anspruch";"067.GF: KEIN FOTO, Fotoinfotyp FZ GESETZT , ecard nicht gesteckt. Fotoinfo ist null";"068.GF: 'KEIN FOTO, FotoinfoTyp = FZ, 'Sperre ab' erreicht -->  es wird keine Info mehr angezeigt"
"Replayable";"";"";"";"";"";"";"";"";"x";"";"";"";"";"";"";"";"";"";"";"";"";"";"";"";"";"";"";"";"";"";"";"";"";"";"";"";"";"";"";"x";"";"";"";"";"";"";"";"";"";"";"";"";"";"";"";"";"";"";"";"";"";"";"";"";"";"";"";"";"";""
"Instanz";"ALL";"ALL";"ALL";"ALL";"ALL";"ALL";"ALL";"SIMU";"SIMU";"SIMU";"SIMU";"ALL";"ALL";"ALL";"ALL";"ALL";"ALL";"ALL";"ALL";"ALL";"ALL";"ALL";"ALL";"ALL";"ALL";"ALL";"ALL";"ALL";"ALL";"ALL";"ALL";"ALL";"ALL";"ALL";"SIMU";"SIMU";"ALL";"SIMU";"SIMU";"BACKEND";"ALL";"ALL";"SIMU";"SIMU";"SIMU";"SIMU";"SIMU";"ALL";"SIMU";"SIMU";"SIMU";"SIMU";"ALL";"SIMU";"SIMU";"SIMU";"SIMU";"SIMU";"SIMU";"SIMU";"SIMU";"SIMU";"SIMU";"SIMU";"SIMU";"SIMU";"SIMU";"SIMU";"SIMU";"SIMU"
"Vertragspartner.VPNR";"456138";"456138";"456138";"456138";"456138";"456138";"456138";"456138";"456138";"456138";"456138";"456138";"456138";"456138";"456138";"456138";"456138";"456138";"456138";"456138";"456138";"456138";"456084";"456138";"456138";"456138";"456138";"456138";"456138";"456138";"456138";"456138";"456138";"456138";"456138";"456138";"456138";"456138";"456138";"900007";"456138";"456138";"456138";"456138";"456138";"456138";"456138";"456138";"456138";"456138";"456138";"456138";"456138";"456138";"456138";"456138";"456138";"456138";"456138";"456138";"456138";"456138";"456138";"456138";"456138";"456138";"456138";"456138";"456185";"456185"
"Vertragspartner.Ord_id";"15682122";"15682122";"15682122";"15682122";"15682122";"15682122";"15682122";"15682122";"15682122";"15682122";"15682122";"15682122";"15682122";"15682122";"15682122";"15682122";"15682122";"15682122";"15682122";"15682122";"15682122";"15682122";"15682121";"15682122";"15682122";"15682122";"15682122";"15682122";"15682122";"15682122";"15682122";"15682122";"15682122";"15682122";"15682122";"15682122";"15682122";"15682122";"15682122";"15541";"15682122";"15682122";"15682122";"15682122";"15682122";"15682122";"15682122";"15682122";"15682122";"15682122";"15682122";"15682122";"15682122";"15682122";"15682122";"15682122";"15682122";"15682122";"15682122";"15682122";"15682122";"15682122";"15682122";"15682122";"15682122";"15682122";"15682122";"15682122";"15682118";"15682118"
"Vertragspartner.OrdinationsId";"99";"99";"99";"99";"99";"99";"99";"99";"99";"99";"99";"99";"99";"99";"99";"99";"99";"99";"99";"99";"99";"99";"99";"99";"99";"99";"99";"99";"99";"99";"99";"99";"99";"99";"99";"99";"99";"99";"99";"99";"99";"99";"99";"99";"99";"99";"99";"99";"99";"99";"99";"99";"99";"99";"99";"99";"99";"99";"99";"99";"99";"99";"99";"99";"99";"99";"99";"99";"99";"99"
"SVPerson.SVNR";"";"4561047149";"4561047149";"4561047149";"4560045299";"";"4562048098";"4561047149";"4561047149";"4561047149";"4561047149";"4567049209";"4561047149";"4561047149";"4561047149";"4561047149";"4561047149";"4561047149";"4561047149";"4561047149";"4561047149";"4561047149";"4561047149";"4561047149";"4561047149";"4561047149";"4561047149";"4561047149";"4561047149";"4561047149";"4561047149";"4561047149";"4561047149";"4563003000";"4567049209";"4567049209";"4567049209";"4567049209";"4562049218";"1348080544";"0000000000";"0000000000";"4563048129";"4566047279";"4565000022";"4567001002";"4562001011";"4561047149";"4566049119";"4567049129";"4567049209";"4568001012";"4560047219";"4569003001";"4566002011";"4560045299";"4560002010";"4564003010";"4568004010";"4565002001";"4561001001";"4563048129";"4563001021";"4567004000";"4560049097";"4562049197";"4564000012";"4560000031";"4560045299";"4560045299"
"SVPerson.Name.Titel_vorne";"";"";"";"";"";"";"Dipl. Ing.";"";"";"";"";"";"";"";"";"";"";"";"";"";"";"";"";"";"";"";"";"";"";"";"";"";"";"";"";"";"";"";"";"";"";"";"";"";"";"";"";"";"";"";"";"Mag.";"";"Dr.";"";"";"";"";"";"";"";"Dr.";"Dr.";"";"";"";"";"";"";""
"SVPerson.Name.Vorname";"";"Luise";"Luise";"Luise";"Waldemar-KVKERM-VDAS-GUI";"";"Hubert";"Luise";"Luise";"Luise";"Luise";"Marianne";"Luise";"Luise";"Luise";"Luise";"Luise";"Luise";"Luise";"Luise";"Luise";"Luise";"Luise";"Luise";"Luise";"Luise";"Luise";"Luise";"Luise";"Luise";"Luise";"Luise";"Luise";"Ludmilla";"Marianne";"Marianne";"Marianne";"Marianne";"Herbert";"";"";"";"Patient";"Siegfried";"Josepha";"Karl";"Claus - Maria";"Luise";"Edith Else Emma";"Sonja";"Marianne";"Ursula";"Herbert";"Patient";"Carola";"Waldemar-KVKERM-VDAS-GUI";"Maria-Theresia Kunigunde";"Josef";"Siegmund";"John";"Beate";"Patient";"Ruud";"Elias";"Otto";"Hanna";"Hannelore";"VW-Sig-Vor-Test6";"Waldemar-KVKERM-VDAS-GUI";"Waldemar-KVKERM-VDAS-GUI"
"SVPerson.Name.Nachname";"";"Oberegelsbacher-KVKERM-VDAS-SS12";"Oberegelsbacher-KVKERM-VDAS-SS12";"Oberegelsbacher-KVKERM-VDAS-SS12";"Walesa-KVKERM-VDAS-GUI";"";"Havelka-VDAS-SS12";"Oberegelsbacher-KVKERM-VDAS-SS12";"Oberegelsbacher-KVKERM-VDAS-SS12";"Oberegelsbacher-KVKERM-VDAS-SS12";"Oberegelsbacher-KVKERM-VDAS-SS12";"Toth-KVKERM-VDAS-SS12";"Oberegelsbacher-KVKERM-VDAS-SS12";"Oberegelsbacher-KVKERM-VDAS-SS12";"Oberegelsbacher-KVKERM-VDAS-SS12";"Oberegelsbacher-KVKERM-VDAS-SS12";"Oberegelsbacher-KVKERM-VDAS-SS12";"Oberegelsbacher-KVKERM-VDAS-SS12";"Oberegelsbacher-KVKERM-VDAS-SS12";"Oberegelsbacher-KVKERM-VDAS-SS12";"Oberegelsbacher-KVKERM-VDAS-SS12";"Oberegelsbacher-KVKERM-VDAS-SS12";"Oberegelsbacher-KVKERM-VDAS-SS12";"Oberegelsbacher-KVKERM-VDAS-SS12";"Oberegelsbacher-KVKERM-VDAS-SS12";"Oberegelsbacher-KVKERM-VDAS-SS12";"Oberegelsbacher-KVKERM-VDAS-SS12";"Oberegelsbacher-KVKERM-VDAS-SS12";"Oberegelsbacher-KVKERM-VDAS-SS12";"Oberegelsbacher-KVKERM-VDAS-SS12";"Oberegelsbacher-KVKERM-VDAS-SS12";"Oberegelsbacher-KVKERM-VDAS-SS12";"Oberegelsbacher-KVKERM-VDAS-SS12";"Lodz-VDAS-SS12";"Toth-KVKERM-VDAS-SS12";"Toth-KVKERM-VDAS-SS12";"Toth-KVKERM-VDAS-SS12";"Toth-KVKERM-VDAS-SS12";"Sterbinger-KVKERM-VDAS-SS12";"";"";"";"Muster-000198-KVKERM-VDAS-SS12";"Silberfinger-KVKERM-VDAS-SS12";"Untermoser-KVKERM-VDAS-SS12";"Kolarik-KVKERM-VDAS-SS12";"von Brandenburg-VDAS-SS12";"Oberegelsbacher-KVKERM-VDAS-SS12";"Spreitzenbarth-KVKERM-VDAS-SS12";"Hohenstaufen-KVKERM-VDAS-SS12";"Toth-KVKERM-VDAS-SS12";"Unterholzinger-VDAS-SS12";"Obertupfinger-VDAS-SS12";"Muster-000197-VDAS-SS12";"Duitsch-KVKERM-VDAS-SS12";"Walesa-KVKERM-VDAS-GUI";"Habsburg-Lothringen-KVKERM-VDAS-SS12";"Schweizer-KVKERM-VDAS-SS12";"Freud-KVKERM-VDAS-SS12";"McLaughlin-KVKERM-VDAS-SS12";"Heilig-KVKERM-VDAS-SS12";"Muster-000198-KVKERM-VDAS-SS12";"Van Nistelrooy-KVKERM-VDAS-SS12";"Töröcsik-VDAS-SS12";"Ottakringer-KVKERM-VDAS-SS12";"Müller-KVKERM-VDAS-SS12";"Schöngeist-KVKERM-VDAS-SS12";"VW-Sig-Fam-Test6-KVKERM-VDAS-SS12";"Walesa-KVKERM-VDAS-GUI";"Walesa-KVKERM-VDAS-GUI"
"SVPerson.Name.Titel_hinten";"";"";"";"";"";"";"";"";"";"";"";"";"";"";"";"";"";"";"";"";"";"";"";"";"";"";"";"";"";"";"";"";"";"";"";"";"";"";"MBA";"";"";"";"";"";"";"";"";"";"";"";"";"";"";"MBA";"";"";"";"";"";"";"";"MBA";"";"";"";"";"";"MBA";"";""
"SVPerson.Druckname.Titel_vorne";"";"";"";"";"";"";"";"";"";"";"";"";"";"";"";"";"";"";"";"";"";"";"";"";"";"";"";"";"";"";"";"";"";"";"";"";"";"";"";"";"";"";"";"";"";"";"";"";"Màg.";"";"";"";"";"";"";"";"";"";"";"";"";"Dr.";"Ðŕ.";"";"";"";"";"";"";""
"SVPerson.Druckname.Vorname";"";"";"";"";"Waldemar";"";"";"";"";"";"";"";"";"";"";"";"";"";"";"";"";"";"";"";"";"";"";"";"";"";"";"";"";"Ludmilla";"";"";"";"";"";"";"";"";"";"";"";"";"";"";"Edith Else Emmä";"";"";"";"";"";"";"Waldemar";"";"";"";"";"";"";"Rúùd";"Éliás";"";"";"";"";"Waldemar";""
"SVPerson.Druckname.Nachname";"";"";"";"";"Walęsa-KVKERM-VDAS-GUI";"";"";"";"";"";"";"";"";"";"";"";"";"";"";"";"";"";"";"";"";"";"";"";"";"";"";"";"";"Łódź";"";"";"";"";"";"";"";"";"";"";"";"";"";"";"Spreitzenbarth-KVKERM-VDAS-SS12";"";"";"";"";"";"";"Walęsa-KVKERM-VDAS-GUI";"";"";"";"";"";"";"Vàn Nisteĺrooy";"Törőcsik";"";"";"";"";"Walęsa-KVKERM-VDAS-GUI";""
"SVPerson.Geburtsdatum";"";"20.12.1915";"20.12.1915";"20.12.1915";"09.09.1999";"";"08.11.1994";"20.12.1915";"20.12.1915";"20.12.1915";"20.12.1915";"01.01.1950";"20.12.1915";"20.12.1915";"20.12.1915";"20.12.1915";"20.12.1915";"20.12.1915";"20.12.1915";"20.12.1915";"20.12.1915";"20.12.1915";"20.12.1915";"20.12.1915";"20.12.1915";"20.12.1915";"20.12.1915";"20.12.1915";"20.12.1915";"20.12.1915";"20.12.1915";"20.12.1915";"20.12.1915";"26.04.1954";"01.01.1950";"01.01.1950";"01.01.1950";"01.01.1950";"02.02.1956";"08.05.1944";"";"";"01.12.1915";"30.11.1961";"14.05.1953";"16.03.1970";"31.12.1984";"20.12.1915";"19.02.1958";"27.03.1966";"01.01.1950";"17.08.1967";"05.02.1988";"01.12.1915";"02.02.1987";"09.09.1999";"29.02.1980";"05.02.1964";"16.06.1966";"24.07.1965";"19.06.1996";"01.12.1915";"13.02.1969";"11.10.1955";"01.01.1973";"08.08.1960";"04.10.1943";"05.02.1964";"09.09.1999";"09.09.1999"
"SVPerson.Geschlecht_code";"";"W";"W";"W";"M";"";"M";"W";"W";"W";"W";"W";"W";"W";"W";"W";"W";"W";"W";"W";"W";"W";"W";"W";"W";"W";"W";"W";"W";"W";"W";"W";"W";"W";"W";"W";"W";"W";"M";"";"";"";"M";"M";"W";"M";"M";"W";"W";"W";"W";"W";"M";"M";"W";"M";"W";"M";"M";"M";"W";"M";"M";"M";"M";"W";"W";"M";"M";"M"
"SVPerson.Todesdatum";"";"";"";"";"";"";"";"";"";"";"";"17.07.2016";"";"";"";"";"";"";"";"";"";"";"";"";"";"";"";"";"";"";"";"";"";"";"17.07.2016";"17.07.2016";"17.07.2016";"17.07.2016";"15.07.2010";"";"";"";"";"";"";"";"";"";"";"";"17.07.2020";"";"";"";"";"";"";"";"";"";"";"";"";"";"";"";"";"";"";""
"SVPerson.Todesdatum_Bestaetigt";"";"";"";"";"";"";"";"";"";"";"";"1";"";"";"";"";"";"";"";"";"";"";"";"";"";"";"";"";"";"";"";"";"";"";"1";"1";"1";"1";"0";"";"";"";"";"";"";"";"";"";"";"";"1";"";"";"0";"";"";"";"";"";"";"";"";"";"";"";"";"";"";"";""
"abgeleitete svNummer";"";"";"";"";"";"";"";"";"";"";"";"";"";"";"";"";"";"";"";"";"";"";"";"";"";"";"";"1234567890";"1234567";"aaaabbccdd";"";"";"";"";"";"";"";"";"";"";"";"";"";"";"";"";"";"";"";"";"";"";"";"";"";"";"";"";"";"";"";"";"";"";"";"";"";"";"";""
"SVPerson_Mitversicherter.SVNR1";"";"";"";"";"";"";"";"";"";"";"";"";"";"";"";"";"";"";"";"";"";"";"";"";"";"";"";"1234567890";"1234567";"aaaabbccdd";"";"";"";"";"";"";"";"";"";"";"";"";"";"";"";"";"";"";"";"";"";"";"";"";"";"";"";"";"";"";"";"";"";"";"";"";"";"";"";""
"SVPerson_Mitversicherter.geschlecht";"";"";"";"";"";"";"";"";"";"";"";"";"";"";"";"";"";"";"";"";"";"";"";"";"";"";"";"W";"";"";"";"";"";"";"";"";"";"";"";"";"";"";"";"";"";"";"";"";"";"";"";"";"";"";"";"";"";"";"";"";"";"";"";"";"";"";"";"";"";""
"SVPerson_Mitversicherter.Name.nachname";"";"";"";"";"";"";"";"";"";"";"";"";"";"";"";"";"";"";"";"";"";"";"";"";"";"";"";"SVNR";"";"";"";"";"";"";"";"";"";"";"";"";"";"";"";"";"";"";"";"";"";"";"";"";"";"";"";"";"";"";"";"";"";"";"";"";"";"";"";"";"";""
"SVPerson_Mitversicherter.Name.vorname";"";"";"";"";"";"";"";"";"";"";"";"";"";"";"";"";"";"";"";"";"";"";"";"";"";"";"";"NOT_VALID";"";"";"";"";"";"";"";"";"";"";"";"";"";"";"";"";"";"";"";"";"";"";"";"";"";"";"";"";"";"";"";"";"";"";"";"";"";"";"";"";"";""
"KVT";"NULL";"";"NULL";"NULL";"EMPTY";"EMPTY";"EMPTY";"EMPTY";"EMPTY";"EMPTY";"EMPTY";"EMPTY";"NULL";"";"";"";"NULL";"";"";"";"NULL";"";"";"NULL";"";"";"";"NULL";"NULL";"NULL";"Ungültig";"ÖGK";"NULL";"";"NULL";"NULL";"NULL";"NULL";"NULL";"NULL";"NULL";"NULL";"";"";"";"";"";"BKKKA_old";"";"";"";"";"";"";"";"";"";"";"";"";"";"";"";"";"";"";"";"";"NULL";"ÖGK-W"
"KVT.Name";"";"";"";"";"";"";"";"";"";"";"";"";"";"";"";"";"";"";"";"";"";"";"";"";"";"";"";"";"";"";"Ungültig";"ÖGK";"";"";"";"";"";"";"";"";"";"";"";"";"";"";"";"BKKKA";"";"";"";"";"";"";"";"";"";"";"";"";"";"";"";"";"";"";"";"";"";"ÖGK-W"
"KVT.Nummer";"{NULL}";"";"{NULL}";"{NULL}";"{EMPTY}";"{EMPTY}";"{EMPTY}";"{EMPTY}";"{EMPTY}";"{EMPTY}";"{EMPTY}";"{EMPTY}";"{NULL}";"";"";"";"{NULL}";"";"";"";"{NULL}";"";"";"{NULL}";"";"";"";"{NULL}";"{NULL}";"{NULL}";"9B";"1X";"{NULL}";"";"{NULL}";"{NULL}";"{NULL}";"{NULL}";"{NULL}";"{NULL}";"{NULL}";"{NULL}";"";"";"";"";"";"28";"";"";"";"";"";"";"";"";"";"";"";"";"";"";"";"";"";"";"";"";"{NULL}";"11"
"Stichtag";"";"{Date[][-2d][]}";"";"{Date[][-2d][]}";"{Date[][-2d][]}";"{Date[][-2d][]}";"{Date[][-2d][]}";"{Date[][-2d][]}";"{Date[][-2d][]}";"{Date[][-2d][]}";"{Date[][-2d][]}";"{DATE}";"{Date[][+32d][]}";"{Date[][+1d][]}";"12.12.20083";"43811";"{NULL}";"{EMPTY}";"01.01.2005";"31.12.2004";"31.12.3999";"{EMPTY}";"{Date[][-100d][]}";"{Date[][-6d][]}";"{Date[][-5d][]}";"{Date[][-8d][]}";"{Date[][-10d][]}";"{Date[][-745d][]}";"{Date[][-5d][]}";"{Date[][-3574d][]}";"{Date[][-30d][]}";"{Date[][-30d][]}";"{Date[][-58d][]}";"{Date[][-1700d][]}";"16.07.2020";"17.07.2020";"18.07.2020";"{Date[][-2d][]}";"{Date[][-1d][]}";"31.12.2024";"{Date[][-1d][]}";"{Date[][-1d][]}";"16.06.2023";"{Date[][-1d][]}";"{Date[][-1d][]}";"{Date[][-1d][]}";"{Date[][-1d][]}";"{Date[][-1d][]}";"{Date[][-1d][]}";"{Date[][-1d][]}";"{Date[][-1d][]}";"{Date[][-1d][]}";"{Date[][-1d][]}";"{Date[][-1d][]}";"{Date[][-2d][]}";"{Date[][-1d][]}";"{Date[][-1d][]}";"{Date[][-1d][]}";"{Date[][-1d][]}";"{Date[][-1d][]}";"{Date[][-1d][]}";"{Date[][-1d][]}";"{Date[][-1d][]}";"{Date[][-1d][]}";"{Date[][-1d][]}";"{Date[][-1d][]}";"{Date[][-1d][]}";"{Date[][-1d][]}";"{Date[][-1d][]}";"{Date[][-1d][]}"
"Anspruch";"";"";"";"";"";"";"";"ohne_SVNR_false_false_18_S_E_A";"ohne_SVNR_false_false_18_S_E_A";"ohne_SVNR_false_false_18_S_E_A";"ohne_SVNR_false_false_18_S_E_A";"";"";"";"";"";"";"";"";"";"";"";"";"";"";"";"";"";"";"";"";"";"";"";"ohne_SVNR_true_true_11_G_E_B";"ohne_SVNR_true_true_11_G_E_B";"";"ohne_SVNR_true_true_11_G_E_B";"ohne_SVNR_true_true_11_G_E_B";"ohne_SVNR_false_false_16_S_E_A";"";"";"";"";"";"";"";"ohne_SVNR_false_false_18_S_E_A";"";"";"";"";"";"";"";"ohne_SVNR_true_false_11_G_E_null";"";"";"";"";"";"";"";"";"";"";"";"ohne_SVNR_true_true_13_G_E_B";"ohne_SVNR_true_false_11_G_E_null";"ohne_SVNR_true_false_11_G_E_null"
"Anspruch.Kostenanteilbefreit";"";"";"";"";"";"";"";"false";"false";"false";"false";"";"";"";"";"";"";"";"";"";"";"";"";"";"";"";"";"";"";"";"";"";"";"";"true";"true";"";"true";"true";"false";"";"";"";"";"";"";"";"false";"";"";"";"";"";"";"";"true";"";"";"";"";"";"";"";"";"";"";"";"true";"true";"true"
"Anspruch.Rezeptgebbefreit";"";"";"";"";"";"";"";"false";"false";"false";"false";"";"";"";"";"";"";"";"";"";"";"";"";"";"";"";"";"";"";"";"";"";"";"";"true";"true";"";"true";"true";"false";"";"";"";"";"";"";"";"false";"";"";"";"";"";"";"";"false";"";"";"";"";"";"";"";"";"";"";"";"true";"false";"false"
"Anspruch.KVT";"";"";"";"";"";"";"";"ÖGK";"ÖGK";"ÖGK";"ÖGK";"";"";"";"";"";"";"";"";"";"";"";"";"";"";"";"";"";"";"";"";"";"";"";"ÖGK";"ÖGK";"";"ÖGK";"ÖGK";"ÖGK";"";"";"";"";"";"";"";"ÖGK";"";"";"";"";"";"";"";"ÖGK";"";"";"";"";"";"";"";"";"";"";"";"ÖGK";"ÖGK";"ÖGK"
"Anspruch.KVT.Name";"";"";"";"";"";"";"";"ÖGK";"ÖGK";"ÖGK";"ÖGK";"";"";"";"";"";"";"";"";"";"";"";"";"";"";"";"";"";"";"";"";"";"";"";"ÖGK";"ÖGK";"";"ÖGK";"ÖGK";"ÖGK";"";"";"";"";"";"";"";"ÖGK";"";"";"";"";"";"";"";"ÖGK";"";"";"";"";"";"";"";"";"";"";"";"ÖGK";"ÖGK";"ÖGK"
"Anspruch.KVT.Nummer";"";"";"";"";"";"";"";"1X";"1X";"1X";"1X";"";"";"";"";"";"";"";"";"";"";"";"";"";"";"";"";"";"";"";"";"";"";"";"1X";"1X";"";"1X";"1X";"1X";"";"";"";"";"";"";"";"1X";"";"";"";"";"";"";"";"1X";"";"";"";"";"";"";"";"";"";"";"";"1X";"1X";"1X"
"Anspruch.KVT-Detail";"";"";"";"";"";"";"";"ÖGK-T";"ÖGK-T";"ÖGK-T";"ÖGK-T";"";"";"";"";"";"";"";"";"";"";"";"";"";"";"";"";"";"";"";"";"";"";"";"ÖGK-W";"ÖGK-W";"";"ÖGK-W";"ÖGK-W";"ÖGK-K";"";"";"";"";"";"";"";"ÖGK-T";"";"";"";"";"";"";"";"ÖGK-W";"";"";"";"";"";"";"";"";"";"";"";"ÖGK-B";"ÖGK-W";"ÖGK-W"
"Anspruch.KVT-Detail.Name";"";"";"";"";"";"";"";"ÖGK-T";"ÖGK-T";"ÖGK-T";"ÖGK-T";"";"";"";"";"";"";"";"";"";"";"";"";"";"";"";"";"";"";"";"";"";"";"";"ÖGK-W";"ÖGK-W";"";"ÖGK-W";"ÖGK-W";"ÖGK-K";"";"";"";"";"";"";"";"ÖGK-T";"";"";"";"";"";"";"";"ÖGK-W";"";"";"";"";"";"";"";"";"";"";"";"ÖGK-B";"ÖGK-W";"ÖGK-W"
"Anspruch.KVT-Detail.Nummer";"";"";"";"";"";"";"";"18";"18";"18";"18";"";"";"";"";"";"";"";"";"";"";"";"";"";"";"";"";"";"";"";"";"";"";"";"11";"11";"";"11";"11";"16";"";"";"";"";"";"";"";"18";"";"";"";"";"";"";"";"11";"";"";"";"";"";"";"";"";"";"";"";"13";"11";"11"
"Anspruch.Anspruchsart";"";"";"";"";"";"";"";"S";"S";"S";"S";"";"";"";"";"";"";"";"";"";"";"";"";"";"";"";"";"";"";"";"";"";"";"";"G";"G";"";"G";"G";"S";"";"";"";"";"";"";"";"S";"";"";"";"";"";"";"";"G";"";"";"";"";"";"";"";"";"";"";"";"G";"G";"G"
"Anspruch.Anspruchsart.HTML";"";"";"";"";"";"";"";"sachleistungsberechtigt";"sachleistungsberechtigt";"sachleistungsberechtigt";"sachleistungsberechtigt";"";"";"";"";"";"";"";"";"";"";"";"";"";"";"";"";"";"";"";"";"";"";"";"geldleistungsberechtigt";"geldleistungsberechtigt";"";"geldleistungsberechtigt";"geldleistungsberechtigt";"sachleistungsberechtigt";"";"";"";"";"";"";"";"sachleistungsberechtigt";"";"";"";"";"";"";"";"geldleistungsberechtigt";"";"";"";"";"";"";"";"";"";"";"";"geldleistungsberechtigt";"geldleistungsberechtigt";"geldleistungsberechtigt"
"Anspruch.Anspruchsart.SOAP";"";"";"";"";"";"";"";"S";"S";"S";"S";"";"";"";"";"";"";"";"";"";"";"";"";"";"";"";"";"";"";"";"";"";"";"";"G";"G";"";"G";"G";"S";"";"";"";"";"";"";"";"S";"";"";"";"";"";"";"";"G";"";"";"";"";"";"";"";"";"";"";"";"G";"G";"G"
"Anspruch.Versichertenkategorie";"";"";"";"";"";"";"";"Erwerbstätige";"Erwerbstätige";"Erwerbstätige";"Erwerbstätige";"";"";"";"";"";"";"";"";"";"";"";"";"";"";"";"";"";"";"";"";"";"";"";"Erwerbstätige";"Erwerbstätige";"";"Erwerbstätige";"Erwerbstätige";"Pensionisten";"";"";"";"";"";"";"";"Erwerbstätige";"";"";"";"";"";"";"";"Erwerbstätige";"";"";"";"";"";"";"";"";"";"";"";"Erwerbstätige";"Erwerbstätige";"Erwerbstätige"
"Anspruch.Versichertenkategorie.HTML";"";"";"";"";"";"";"";"Erwerbstätige, Arbeitslose, Selbstversicherte, Zivildiener, Asylanten, Flüchtlinge, Mindestsicherungsbezieher";"Erwerbstätige, Arbeitslose, Selbstversicherte, Zivildiener, Asylanten, Flüchtlinge, Mindestsicherungsbezieher";"Erwerbstätige, Arbeitslose, Selbstversicherte, Zivildiener, Asylanten, Flüchtlinge, Mindestsicherungsbezieher";"Erwerbstätige, Arbeitslose, Selbstversicherte, Zivildiener, Asylanten, Flüchtlinge, Mindestsicherungsbezieher";"";"";"";"";"";"";"";"";"";"";"";"";"";"";"";"";"";"";"";"";"";"";"";"Erwerbstätige, Arbeitslose, Selbstversicherte, Zivildiener, Asylanten, Flüchtlinge, Mindestsicherungsbezieher";"Erwerbstätige, Arbeitslose, Selbstversicherte, Zivildiener, Asylanten, Flüchtlinge, Mindestsicherungsbezieher";"";"Erwerbstätige, Arbeitslose, Selbstversicherte, Zivildiener, Asylanten, Flüchtlinge, Mindestsicherungsbezieher";"Erwerbstätige, Arbeitslose, Selbstversicherte, Zivildiener, Asylanten, Flüchtlinge, Mindestsicherungsbezieher";"Pensionisten, Ruhegenussempfänger";"";"";"";"";"";"";"";"Erwerbstätige, Arbeitslose, Selbstversicherte, Zivildiener, Asylanten, Flüchtlinge, Mindestsicherungsbezieher";"";"";"";"";"";"";"";"Erwerbstätige, Arbeitslose, Selbstversicherte, Zivildiener, Asylanten, Flüchtlinge, Mindestsicherungsbezieher";"";"";"";"";"";"";"";"";"";"";"";"Erwerbstätige, Arbeitslose, Selbstversicherte, Zivildiener, Asylanten, Flüchtlinge, Mindestsicherungsbezieher";"Erwerbstätige, Arbeitslose, Selbstversicherte, Zivildiener, Asylanten, Flüchtlinge, Mindestsicherungsbezieher";"Erwerbstätige, Arbeitslose, Selbstversicherte, Zivildiener, Asylanten, Flüchtlinge, Mindestsicherungsbezieher"
"Anspruch.Versichertenkategorie.HTML_KURZ";"";"";"";"";"";"";"";"Erwerbstätige, Arbeitslose, Selbstversicherte,...";"Erwerbstätige, Arbeitslose, Selbstversicherte,...";"Erwerbstätige, Arbeitslose, Selbstversicherte,...";"Erwerbstätige, Arbeitslose, Selbstversicherte,...";"";"";"";"";"";"";"";"";"";"";"";"";"";"";"";"";"";"";"";"";"";"";"";"Erwerbstätige, Arbeitslose, Selbstversicherte,...";"Erwerbstätige, Arbeitslose, Selbstversicherte,...";"";"Erwerbstätige, Arbeitslose, Selbstversicherte,...";"Erwerbstätige, Arbeitslose, Selbstversicherte,...";"Pensionisten, Ruhegenussempfänger";"";"";"";"";"";"";"";"Erwerbstätige, Arbeitslose, Selbstversicherte,...";"";"";"";"";"";"";"";"Erwerbstätige, Arbeitslose, Selbstversicherte,...";"";"";"";"";"";"";"";"";"";"";"";"Erwerbstätige, Arbeitslose, Selbstversicherte,...";"Erwerbstätige, Arbeitslose, Selbstversicherte,...";"Erwerbstätige, Arbeitslose, Selbstversicherte,..."
"Anspruch.Versichertenkategorie.SOAP";"";"";"";"";"";"";"";"01";"01";"01";"01";"";"";"";"";"";"";"";"";"";"";"";"";"";"";"";"";"";"";"";"";"";"";"";"01";"01";"";"01";"01";"05";"";"";"";"";"";"";"";"01";"";"";"";"";"";"";"";"01";"";"";"";"";"";"";"";"";"";"";"";"01";"01";"01"
"Anspruch.Versicherungsart";"";"";"";"";"";"";"";"A";"A";"A";"A";"";"";"";"";"";"";"";"";"";"";"";"";"";"";"";"";"";"";"";"";"";"";"";"B";"B";"";"B";"B";"";"";"";"";"";"";"";"";"A";"";"";"";"";"";"";"";"";"";"";"";"";"";"";"";"";"";"";"";"B";"";""
"Anspruch.Versicherungsart.HTML";"";"";"";"";"";"";"";"A-Versicherte/r";"A-Versicherte/r";"A-Versicherte/r";"A-Versicherte/r";"";"";"";"";"";"";"";"";"";"";"";"";"";"";"";"";"";"";"";"";"";"";"";"B-Versicherte/r";"B-Versicherte/r";"";"B-Versicherte/r";"B-Versicherte/r";"";"";"";"";"";"";"";"";"A-Versicherte/r";"";"";"";"";"";"";"";"";"";"";"";"";"";"";"";"";"";"";"";"B-Versicherte/r";"";""
"Anspruch.Versicherungsart.HTML_Anzeige";"";"";"";"";"";"";"";"Versichertenart A";"Versichertenart A";"Versichertenart A";"Versichertenart A";"";"";"";"";"";"";"";"";"";"";"";"";"";"";"";"";"";"";"";"";"";"";"";"Versichertenart B";"Versichertenart B";"";"Versichertenart B";"Versichertenart B";"";"";"";"";"";"";"";"";"Versichertenart A";"";"";"";"";"";"";"";"";"";"";"";"";"";"";"";"";"";"";"";"Versichertenart B";"";""
"Anspruch.Versicherungsart.SOAP";"";"";"";"";"";"";"";"A";"A";"A";"A";"";"";"";"";"";"";"";"";"";"";"";"";"";"";"";"";"";"";"";"";"";"";"";"B";"B";"";"B";"B";"";"";"";"";"";"";"";"";"A";"";"";"";"";"";"";"";"";"";"";"";"";"";"";"";"";"";"";"";"B";"";""
"VdasException";"";"ZS-05019";"";"";"";"";"";"";"";"";"";"";"";"";"";"";"";"";"";"";"";"";"";"";"";"";"";"";"";"";"";"";"";"";"";"";"ZS-05015";"";"ZS-05008";"ZS-05009";"ZS-05011";"ZS-05011";"ZS-05013";"ZS-05014";"ZS-05014";"ZS-05013";"ZS-05012";"";"ZS-05007";"ZS-05008";"ZS-05009";"";"";"";"ZS-05013";"";"ZS-05013";"ZS-05013";"ZS-05013";"ZS-05013";"ZS-05013";"ZS-05013";"ZS-05013";"ZS-05013";"ZS-05007";"ZS-05009";"ZS-05009";"";"";""
"VdasException.ExceptionName";"";"";"";"";"";"";"";"";"";"";"";"";"";"";"";"";"";"";"";"";"";"";"";"";"";"";"";"";"";"";"";"";"";"";"";"";"";"";"";"";"VdasException";"VdasException";"";"VdasException";"VdasException";"";"VdasException";"";"";"";"";"";"";"";"";"";"";"";"";"";"";"";"";"";"";"";"";"";"";""
"VdasException.ExceptionTyp";"";"";"";"";"";"";"";"";"";"";"";"";"";"";"";"";"";"";"";"";"";"";"";"";"";"";"";"";"";"";"";"";"";"";"";"";"";"";"ANSPRUCH_AUSWAEHLEN";"ASVG_ODER_SONDERANSPRUCH_AUSWAEHLEN";"";"";"";"";"";"";"";"";"";"ANSPRUCH_AUSWAEHLEN";"ASVG_ODER_SONDERANSPRUCH_AUSWAEHLEN";"";"";"";"";"";"";"";"";"";"";"";"";"";"";"ASVG_ODER_SONDERANSPRUCH_AUSWAEHLEN";"ASVG_ODER_SONDERANSPRUCH_AUSWAEHLEN";"";"";""
"VdasException.ExceptionCode";"";"31";"";"";"";"";"";"";"";"";"";"";"";"";"";"";"";"";"";"";"";"";"";"";"";"";"";"";"";"";"";"";"";"";"";"";"";"";"";"";"26";"26";"";"30";"30";"";"29";"";"";"";"";"";"";"";"";"";"";"";"";"";"";"";"";"";"";"";"";"";"";""
"VdasException.InfoCode";"";"ZS-05019";"";"";"";"";"";"";"";"";"";"";"";"";"";"";"";"";"";"";"";"";"";"";"";"";"";"";"";"";"";"";"";"";"";"";"ZS-05015";"";"ZS-05008";"ZS-05009";"ZS-05011";"ZS-05011";"ZS-05013";"ZS-05014";"ZS-05014";"ZS-05013";"ZS-05012";"";"ZS-05007";"ZS-05008";"ZS-05009";"";"";"";"ZS-05013";"";"ZS-05013";"ZS-05013";"ZS-05013";"ZS-05013";"ZS-05013";"ZS-05013";"ZS-05013";"ZS-05013";"ZS-05007";"ZS-05009";"ZS-05009";"";"";""
"VdasException.InfoText";"";"Bei Verwendung einer Admin-Karte zur Funktionsdurchführung muss auch eine SV-Nummer angegeben werden.";"";"";"";"";"";"";"";"";"";"";"";"";"";"";"";"";"";"";"";"";"";"";"";"";"";"";"";"";"";"";"";"";"";"";"Der Patient mit der SV-Nummer  * ist zum * bereits als verstorben gemeldet.";"";"Einer der ÖGK-Ansprüche muss ausgewählt werden.";"Es liegt eine Mehrfachversicherung vor. Einer der Ansprüche muss ausgewählt werden.";"*ist im e-card System nicht bekannt.";"*ist im e-card System nicht bekannt.";"Zum eingegebenen Datum kann kein gültiger KV-Anspruch ermittelt werden.";"Systemfehler beim Backend-Auskunftsservice.";"Systemfehler beim Backend-Auskunftsservice.";"Zum eingegebenen Datum kann kein gültiger KV-Anspruch ermittelt werden.";"Das Backend-Auskunftsservice steht derzeit nicht zur Verfügung. Bitte versuchen Sie es zu einem späteren Zeitpunkt oder verwenden Sie """"""Aktuelle Versichertendaten abfragen"""""".";"";"Einer der abgeleiteten Ansprüche muss ausgewählt werden.";"Einer der ÖGK-Ansprüche muss ausgewählt werden.";"Es liegt eine Mehrfachversicherung vor. Einer der Ansprüche muss ausgewählt werden.";"";"";"";"Zum eingegebenen Datum kann kein gültiger KV-Anspruch ermittelt werden.";"";"Zum eingegebenen Datum kann kein gültiger KV-Anspruch ermittelt werden.";"Zum eingegebenen Datum kann kein gültiger KV-Anspruch ermittelt werden.";"Zum eingegebenen Datum kann kein gültiger KV-Anspruch ermittelt werden.";"Zum eingegebenen Datum kann kein gültiger KV-Anspruch ermittelt werden.";"Zum eingegebenen Datum kann kein gültiger KV-Anspruch ermittelt werden.";"Zum eingegebenen Datum kann kein gültiger KV-Anspruch ermittelt werden.";"Zum eingegebenen Datum kann kein gültiger KV-Anspruch ermittelt werden.";"Zum eingegebenen Datum kann kein gültiger KV-Anspruch ermittelt werden.";"Einer der abgeleiteten Ansprüche muss ausgewählt werden.";"Es liegt eine Mehrfachversicherung vor. Einer der Ansprüche muss ausgewählt werden.";"Es liegt eine Mehrfachversicherung vor. Einer der Ansprüche muss ausgewählt werden.";"";"";""
"VdasException.Information";"";"Bei Verwendung einer Admin-Karte zur Funktionsdurchführung muss auch eine SV-Nummer angegeben werden.";"";"";"";"";"";"";"";"";"";"";"";"";"";"";"";"";"";"";"";"";"";"";"";"";"";"";"";"";"";"";"";"";"";"";"Der Patient mit der SV-Nummer  * ist zum * bereits als verstorben gemeldet.";"";"Einer der ASVG Ansprüche muss ausgewählt werden.";"Es liegt eine Mehrfachversicherung vor. Einer der Ansprüche muss ausgewählt werden.";"Die SV-Nummer * existiert nicht oder ist nicht mehr gültig.";"Die SV-Nummer * existiert nicht oder ist nicht mehr gültig.";"Zum eingegebenen Datum kann kein gültiger KV-Anspruch ermittelt werden.";"Systemfehler beim Backend-Auskunftsservice.";"Systemfehler beim Backend-Auskunftsservice.";"Zum eingegebenen Datum kann kein gültiger KV-Anspruch ermittelt werden.";"";"";"Einer der abgeleiteten Ansprüche muss ausgewählt werden.";"Einer der ASVG Ansprüche muss ausgewählt werden.";"Es liegt eine Mehrfachversicherung vor. Einer der Ansprüche muss ausgewählt werden.";"";"";"";"Zum eingegebenen Datum kann kein gültiger KV-Anspruch ermittelt werden.";"";"Zum eingegebenen Datum kann kein gültiger KV-Anspruch ermittelt werden.";"Zum eingegebenen Datum kann kein gültiger KV-Anspruch ermittelt werden.";"Zum eingegebenen Datum kann kein gültiger KV-Anspruch ermittelt werden.";"Zum eingegebenen Datum kann kein gültiger KV-Anspruch ermittelt werden.";"Zum eingegebenen Datum kann kein gültiger KV-Anspruch ermittelt werden.";"Zum eingegebenen Datum kann kein gültiger KV-Anspruch ermittelt werden.";"Zum eingegebenen Datum kann kein gültiger KV-Anspruch ermittelt werden.";"Zum eingegebenen Datum kann kein gültiger KV-Anspruch ermittelt werden.";"Einer der abgeleiteten Ansprüche muss ausgewählt werden.";"Es liegt eine Mehrfachversicherung vor. Einer der Ansprüche muss ausgewählt werden.";"Es liegt eine Mehrfachversicherung vor. Einer der Ansprüche muss ausgewählt werden.";"";"";""
"VdasException.MessageCode";"";"";"";"";"";"";"";"";"";"";"";"";"";"";"";"";"";"";"";"";"";"";"";"";"";"";"";"";"";"";"";"";"";"";"";"";"10";"";"3";"4";"";"";"9";"";"";"9";"";"";"2";"3";"4";"";"";"";"9";"";"9";"9";"9";"9";"9";"9";"9";"9";"2";"4";"4";"";"";""
"MessageCode";"";"";"";"";"";"";"";"";"";"";"";"";"";"";"";"";"";"";"";"";"";"";"";"";"";"";"";"";"";"";"";"";"";"";"";"";"10";"";"3";"4";"";"";"9";"";"";"9";"";"";"2";"3";"10";"";"";"";"9";"";"";"9";"9";"9";"9";"9";"9";"9";"2";"4";"4";"";"";""
"InvalidParameterVdasException";"CL-05288_VDAS V16";"";"CL-05288_VDAS V16";"";"";"";"";"";"";"";"";"CL-05286";"CL-05282";"CL-05282";"CL-05282";"CL-05282";"CL-05281";"CL-05281";"CL-05285";"CL-05285";"CL-05282";"CL-05281";"";"";"";"";"";"CL-05213";"CL-05213";"CL-05213";"CL-05224";"CL-05224";"CL-05233";"CL-05285";"";"";"";"";"";"";"";"";"";"";"";"";"";"CL-05224";"";"";"";"";"";"";"";"";"";"";"";"";"";"";"";"";"";"";"";"";"";""
"InvalidParameterVdasException.ExceptionName";"InvalidParameterVdasException";"";"InvalidParameterVdasException";"";"";"";"";"";"";"";"";"InvalidParameterVdasException";"InvalidParameterVdasException";"InvalidParameterVdasException";"InvalidParameterVdasException";"InvalidParameterVdasException";"InvalidParameterVdasException";"InvalidParameterVdasException";"InvalidParameterVdasException";"InvalidParameterVdasException";"InvalidParameterVdasException";"InvalidParameterVdasException";"";"";"";"";"";"InvalidParameterVdasException";"InvalidParameterVdasException";"InvalidParameterVdasException";"InvalidParameterVdasException";"InvalidParameterVdasException";"InvalidParameterVdasException";"InvalidParameterVdasException";"";"";"";"";"";"";"";"";"";"";"";"";"";"InvalidParameterVdasException";"";"";"";"";"";"";"";"";"";"";"";"";"";"";"";"";"";"";"";"";"";""
"InvalidParameterVdasException.ExceptionTyp";"";"";"";"";"";"";"";"";"";"";"";"";"INVALID_STICHTAGSDATUM";"INVALID_STICHTAGSDATUM";"INVALID_STICHTAGSDATUM";"INVALID_STICHTAGSDATUM";"";"";"NO_ANSPRUECHE_PROVIDED_FOR_SELECTED_DATE";"NO_ANSPRUECHE_PROVIDED_FOR_SELECTED_DATE";"INVALID_STICHTAGSDATUM";"";"";"";"";"";"";"INVALID_SV_NUMBER_ABL";"INVALID_SV_NUMBER_ABL";"INVALID_SV_NUMBER_ABL";"INVALID_SVT_NUMBER";"INVALID_SVT_NUMBER";"INVALID_ABT_FUNK_CODE";"NO_ANSPRUECHE_PROVIDED_FOR_SELECTED_DATE";"";"";"";"";"";"";"";"";"";"";"";"";"";"INVALID_SVT_NUMBER";"";"";"";"";"";"";"";"";"";"";"";"";"";"";"";"";"";"";"";"";"";""
"InvalidParameterVdasException.ExceptionCode";"15";"";"15";"";"";"";"";"";"";"";"";"13";"7";"7";"7";"7";"14";"14";"8";"8";"7";"14";"";"";"";"";"";"2";"2";"2";"3";"3";"5";"8";"";"";"";"";"";"";"";"";"";"";"";"";"";"3";"";"";"";"";"";"";"";"";"";"";"";"";"";"";"";"";"";"";"";"";"";""
"InvalidParameterVdasException.InfoCode";"CL-05288";"";"CL-05288";"";"";"";"";"";"";"";"";"CL-05286";"CL-05282";"CL-05282";"CL-05282";"CL-05282";"CL-05281";"CL-05281";"CL-05285";"CL-05285";"CL-05282";"CL-05281";"";"";"";"";"";"CL-05213";"CL-05213";"CL-05213";"CL-05224";"CL-05224";"CL-05233";"CL-05285";"";"";"";"";"";"";"";"";"";"";"";"";"";"CL-05224";"";"";"";"";"";"";"";"";"";"";"";"";"";"";"";"";"";"";"";"";"";""
"InvalidParameterVdasException.InfoText";"Für die Anfrage muss entweder eine e-card verwendet werden oder eine Admin-Karte in Verbindung mit einer SV-Nummer.";"";"Für die Anfrage muss entweder eine e-card verwendet werden oder eine Admin-Karte in Verbindung mit einer SV-Nummer.";"";"";"";"";"";"";"";"";"Um aktuelle Versicherungsdaten zu ermitteln, verwenden Sie bitte den Ablauf """"""Aktuelle Versichertendaten abfragen"""""".";"Der Wert in Stichtagsdatum ist ungültig.";"Der Wert in Stichtagsdatum ist ungültig.";"Der Wert in Stichtagsdatum ist ungültig.";"Der Wert in Stichtagsdatum ist ungültig.";"Stichtagsdatum ist ein Pflichtfeld.";"Stichtagsdatum ist ein Pflichtfeld.";"Zu dem eingegebenen Datum können keine Versichertendaten ermittelt werden.";"Zu dem eingegebenen Datum können keine Versichertendaten ermittelt werden.";"Der Wert in Stichtagsdatum ist ungültig.";"Stichtagsdatum ist ein Pflichtfeld.";"";"";"";"";"";"Der Wert der abgeleiteten SV-Nummer ist ungültig.";"Der Wert der abgeleiteten SV-Nummer ist ungültig.";"Der Wert der abgeleiteten SV-Nummer ist ungültig.";"Der Wert in KV-Träger ist ungültig.";"Der Wert in KV-Träger ist ungültig.";"Das Format von Abteilungs- bzw. Funktionscode ist ungültig.";"Zu dem eingegebenen Datum können keine Versichertendaten ermittelt werden.";"";"";"";"";"";"";"";"";"";"";"";"";"";"Der Wert in KV-Träger ist ungültig.";"";"";"";"";"";"";"";"";"";"";"";"";"";"";"";"";"";"";"";"";"";""
"InvalidParameterVdasException.Information";"";"";"";"";"";"";"";"";"";"";"";"Um aktuelle Versicherungsdaten zu ermitteln, verwenden Sie bitte den Ablauf ""Aktuelle Versichertendaten abfragen"".";"Das Stichtagsdatum ist ungültig.";"Das Stichtagsdatum ist ungültig.";"Das Stichtagsdatum ist ungültig.";"Das Stichtagsdatum ist ungültig.";"";"";"Zu dem eingegebenen Datum können keine Versichertendaten ermittelt werden.Diese Exception tritt dann auf, wenn zum abgefragen Datum keine Ansprüche vorliegen.";"Zu dem eingegebenen Datum können keine Versichertendaten ermittelt werden.Diese Exception tritt dann auf, wenn zum abgefragen Datum keine Ansprüche vorliegen.";"Das Stichtagsdatum ist ungültig.";"";"";"";"";"";"";"Die abgeleitete Sozialversicherungsnummer ist ungültig.";"Die abgeleitete Sozialversicherungsnummer ist ungültig.";"Die abgeleitete Sozialversicherungsnummer ist ungültig.";"Der Sozialversicherungsträger ist ungültig.";"Der Sozialversicherungsträger ist ungültig.";"Der Abteilungs- bzw. Funktionscode hat eine falsche Länge.";"Zu dem eingegebenen Datum können keine Versichertendaten ermittelt werden.Diese Exception tritt dann auf, wenn zum abgefragen Datum keine Ansprüche vorliegen.";"";"";"";"";"";"";"";"";"";"";"";"";"";"Der Sozialversicherungsträger ist ungültig.";"";"";"";"";"";"";"";"";"";"";"";"";"";"";"";"";"";"";"";"";"";""
"InvalidParameterVdasException.Release";"R20b";"";"R20b";"";"";"";"";"";"";"";"";"";"";"";"";"";"";"";"";"";"";"";"";"";"";"";"";"";"";"";"";"";"";"";"";"";"";"";"";"";"";"";"";"";"";"";"";"";"";"";"";"";"";"";"";"";"";"";"";"";"";"";"";"";"";"";"";"";"";""
"DialogException";"";"";"";"ZS-00167_ecard";"ZS-00167_ocard";"ZS-00168_ocard";"ZS-00168_ocard";"";"";"";"";"";"";"";"";"";"";"";"";"";"";"";"";"CL-01085";"CL-01085";"CL-01085";"CL-01085";"";"";"";"";"";"";"";"";"";"";"";"";"";"";"";"";"";"";"";"";"";"";"";"";"ZS-00099_eCard";"ZS-00044_eCard";"ZS-00100_eCard";"";"";"";"";"";"";"";"";"";"";"";"";"";"";"";""
"DialogException.ExceptionName";"";"";"";"DialogException";"DialogException";"DialogException";"DialogException";"";"";"";"";"";"";"";"";"";"";"";"";"";"";"";"";"DialogException";"DialogException";"DialogException";"DialogException";"";"";"";"";"";"";"";"";"";"";"";"";"";"";"";"";"";"";"";"";"";"";"";"";"DialogException";"DialogException";"DialogException";"";"";"";"";"";"";"";"";"";"";"";"";"";"";"";""
"DialogException.ExceptionTyp";"";"";"";"CARDTOKEN_SVNR_MISMATCH";"CARDTOKEN_SVNR_MISMATCH";"CARDTOKEN_VPNR_MISMATCH";"CARDTOKEN_VPNR_MISMATCH";"";"";"";"";"";"";"";"";"";"";"";"";"";"";"";"";"DIALOG_INVALID";"DIALOG_INVALID";"DIALOG_INVALID";"DIALOG_INVALID";"";"";"";"";"";"";"";"";"";"";"";"";"";"";"";"";"";"";"";"";"";"";"";"";"CARD_INVALID";"ECARD_INVALID";"CARD_INVALID";"";"";"";"";"";"";"";"";"";"";"";"";"";"";"";""
"DialogException.ExceptionCode";"";"";"";"65";"65";"66";"66";"";"";"";"";"";"";"";"";"";"";"";"";"";"";"";"";"1";"1";"1";"1";"";"";"";"";"";"";"";"";"";"";"";"";"";"";"";"";"";"";"";"";"";"";"";"";"5";"5";"5";"";"";"";"";"";"";"";"";"";"";"";"";"";"";"";""
"DialogException.InfoCode";"";"";"";"ZS-00167";"ZS-00167";"ZS-00168";"ZS-00168";"";"";"";"";"";"";"";"";"";"";"";"";"";"";"";"";"CL-01085";"CL-01085";"CL-01085";"CL-01085";"";"";"";"";"";"";"";"";"";"";"";"";"";"";"";"";"";"";"";"";"";"";"";"";"ZS-00099";"ZS-00044";"ZS-00100";"";"";"";"";"";"";"";"";"";"";"";"";"";"";"";""
"DialogException.InfoText";"";"";"";"Die SV-Nummer der verwendeten e-card stimmt nicht mit der angegebenen SV-Nummer überein.";"Die SV-Nummer der verwendeten Admin-Karte stimmt nicht mit der angegebenen SV-Nummer überein.";"Das angegebene Admin-Karten-Token ist einem anderen Vertragspartner zugeordnet.";"Das angegebene Admin-Karten-Token ist einem anderen Vertragspartner zugeordnet.";"";"";"";"";"";"";"";"";"";"";"";"";"";"";"";"";"Der Dialog ist ungültig. Bitte melden Sie sich erneut an.";"Der Dialog ist ungültig. Bitte melden Sie sich erneut an.";"Der Dialog ist ungültig. Bitte melden Sie sich erneut an.";"Der Dialog ist ungültig. Bitte melden Sie sich erneut an.";"";"";"";"";"";"";"";"";"";"";"";"";"";"";"";"";"";"";"";"";"";"";"";"";"Die e-card wird nicht akzeptiert (als gestohlen oder verloren gemeldet). Bitte informieren Sie den Inhaber und überprüfen Sie dessen Identität.";"Die e-card wird nicht akzeptiert (gesperrt, abgelaufen). Bitte informieren Sie den Karteninhaber.";"Die e-card wird nicht akzeptiert (gesperrt, abgelaufen). Bitte informieren Sie den Inhaber und überprüfen Sie dessen Identität. ";"";"";"";"";"";"";"";"";"";"";"";"";"";"";"";""
"DialogException.Information";"";"";"";"Die SV-Nummer des e-Card-Token stimmt nicht mit der eingegebenen SV-Nummer überein.";"Die SV-Nummer des o-Card-Token stimmt nicht mit der eingegebenen SV-Nummer überein.";"o-CardToken gehört einem anderen Vertragspartner";"o-CardToken gehört einem anderen Vertragspartner";"";"";"";"";"";"";"";"";"";"";"";"";"";"";"";"";"Die angegebene Dialog Id ist ungültig. Hinweis: Diese Exception tritt in folgenden Fällen auf: Eine Zeitüberschreitung wurde am Client erkannt und das Erkennen liegt schon zu lange zurück. Ein unerwarteter Fehler beim Zugiff auf den Dialog (auch falsche DialogId). Der Dialog wurde ohne Failover-Kennzeichen aufgebaut, aber im möglichen Failover-Fall wird erkannt, dass die Funktion mit Failover-Information (TransaktionsId im Header) aufgerufen wurde.";"Die angegebene Dialog Id ist ungültig. Hinweis: Diese Exception tritt in folgenden Fällen auf: Eine Zeitüberschreitung wurde am Client erkannt und das Erkennen liegt schon zu lange zurück. Ein unerwarteter Fehler beim Zugiff auf den Dialog (auch falsche DialogId). Der Dialog wurde ohne Failover-Kennzeichen aufgebaut, aber im möglichen Failover-Fall wird erkannt, dass die Funktion mit Failover-Information (TransaktionsId im Header) aufgerufen wurde.";"Die angegebene Dialog Id ist ungültig. Hinweis: Diese Exception tritt in folgenden Fällen auf: Eine Zeitüberschreitung wurde am Client erkannt und das Erkennen liegt schon zu lange zurück. Ein unerwarteter Fehler beim Zugiff auf den Dialog (auch falsche DialogId). Der Dialog wurde ohne Failover-Kennzeichen aufgebaut, aber im möglichen Failover-Fall wird erkannt, dass die Funktion mit Failover-Information (TransaktionsId im Header) aufgerufen wurde.";"Die angegebene Dialog Id ist ungültig. Hinweis: Diese Exception tritt in folgenden Fällen auf: Eine Zeitüberschreitung wurde am Client erkannt und das Erkennen liegt schon zu lange zurück. Ein unerwarteter Fehler beim Zugiff auf den Dialog (auch falsche DialogId). Der Dialog wurde ohne Failover-Kennzeichen aufgebaut, aber im möglichen Failover-Fall wird erkannt, dass die Funktion mit Failover-Information (TransaktionsId im Header) aufgerufen wurde.";"";"";"";"";"";"";"";"";"";"";"";"";"";"";"";"";"";"";"";"";"";"";"";"";"Die e-card wird nicht akzeptiert (als gestohlen oder verloren gemeldet). Bitte informieren Sie den Inhaber und überprüfen Sie dessen Identität.";"Die zur Authentifizierung verwendete e-card ist am e-card Serversytem gesperrt.";"Die e-card wird nicht akzeptiert (gesperrt, abgelaufen). Bitte informieren Sie den Inhaber und überprüfen Sie dessen Identität. ";"";"";"";"";"";"";"";"";"";"";"";"";"";"";"";""
"DialogException.Release";"";"";"";"20a";"20a";"20a";"20a";"";"";"";"";"";"";"";"";"";"";"";"";"";"";"";"";"";"";"";"";"";"";"";"";"";"";"";"";"";"";"";"";"";"";"";"";"";"";"";"";"";"";"";"";"";"";"";"";"";"";"";"";"";"";"";"";"";"";"";"";"";"";""
"AccessException";"";"";"";"";"";"";"";"";"";"";"";"";"";"";"";"";"";"";"";"";"";"";"CL-A0005_VDAS_ExceptionCode_8";"";"";"";"";"";"";"";"";"";"";"";"";"";"";"";"";"";"";"";"";"";"";"";"";"";"";"";"";"";"";"";"";"";"";"";"";"";"";"";"";"";"";"";"";"";"";""
"AccessException.ExceptionName";"";"";"";"";"";"";"";"";"";"";"";"";"";"";"";"";"";"";"";"";"";"";"AccessException";"";"";"";"";"";"";"";"";"";"";"";"";"";"";"";"";"";"";"";"";"";"";"";"";"";"";"";"";"";"";"";"";"";"";"";"";"";"";"";"";"";"";"";"";"";"";""
"AccessException.ExceptionCode";"";"";"";"";"";"";"";"";"";"";"";"";"";"";"";"";"";"";"";"";"";"";"8";"";"";"";"";"";"";"";"";"";"";"";"";"";"";"";"";"";"";"";"";"";"";"";"";"";"";"";"";"";"";"";"";"";"";"";"";"";"";"";"";"";"";"";"";"";"";""
"AccessException.InfoCode";"";"";"";"";"";"";"";"";"";"";"";"";"";"";"";"";"";"";"";"";"";"";"CL-A0005";"";"";"";"";"";"";"";"";"";"";"";"";"";"";"";"";"";"";"";"";"";"";"";"";"";"";"";"";"";"";"";"";"";"";"";"";"";"";"";"";"";"";"";"";"";"";""
"AccessException.InfoText";"";"";"";"";"";"";"";"";"";"";"";"";"";"";"";"";"";"";"";"";"";"";"Es existiert keine Berechtigung zum Aufruf dieser Funktion.";"";"";"";"";"";"";"";"";"";"";"";"";"";"";"";"";"";"";"";"";"";"";"";"";"";"";"";"";"";"";"";"";"";"";"";"";"";"";"";"";"";"";"";"";"";"";""
"AccessException.Information";"";"";"";"";"";"";"";"";"";"";"";"";"";"";"";"";"";"";"";"";"";"";"Es existiert keine Berechtigung zum Aufruf dieser Funktion.";"";"";"";"";"";"";"";"";"";"";"";"";"";"";"";"";"";"";"";"";"";"";"";"";"";"";"";"";"";"";"";"";"";"";"";"";"";"";"";"";"";"";"";"";"";"";""
"CardToken.Tokentyp";"";"VPSV";"";"SVSV";"VPSV";"VPVP";"VPVP";"SVSV";"SVSV";"SVSV";"VPSV";"VPSV";"VPSV";"VPSV";"VPSV";"VPSV";"VPSV";"VPSV";"VPSV";"VPSV";"VPSV";"VPSV";"VPSV";"VPSV";"VPSV";"VPSV";"VPSV";"VPSV";"VPSV";"VPSV";"VPSV";"VPSV";"VPSV";"SVSV";"VPSV";"VPSV";"VPSV";"VPSV";"VPSV";"VPSV";"VPSV";"VPSV";"SVSV";"VPSV";"VPSV";"VPSV";"VPSV";"VPSV";"VPSV";"VPSV";"VPSV";"SVSV";"SVSV";"SVSV";"SVSV";"SVSV";"SVSV";"SVSV";"SVSV";"SVSV";"SVSV";"VPSV";"SVSV";"SVSV";"SVSV";"SVSV";"SVSV";"VPSV";"SVSV";"SVSV"
"CardToken.SVNR-Karte";"";"";"";"4560045299";"";"";"";"4561047149";"4561047149";"4561047149";"";"";"";"";"";"";"";"";"";"";"";"";"";"";"";"";"";"";"";"";"";"";"";"4563003000";"";"";"";"";"";"";"";"";"4563048129";"";"";"";"";"";"";"";"";"4568001012";"4560047219";"4569003001";"4566002011";"4560045299";"4560002010";"4564003010";"4568004010";"4565002001";"4561001001";"";"4563001021";"4567004000";"4560049097";"4562049197";"4564000012";"";"4560045299";"4560045299"
"CardToken.VPNR-Karte";"";"456138";"";"";"456138";"456084";"456084";"";"";"";"456138";"456138";"456138";"456138";"456138";"456138";"456138";"456138";"456138";"456138";"456138";"456138";"456084";"456138";"456138";"456138";"456138";"456138";"456138";"456138";"456138";"456138";"456138";"";"456138";"456138";"456138";"456138";"456138";"900007";"456138";"456138";"";"456138";"456138";"456138";"456138";"456138";"456138";"456138";"456138";"";"";"";"";"";"";"";"";"";"";"456138";"";"";"";"";"";"456138";"";""
"CardToken.SVNR";"";"4561047149";"";"";"4561047149";"";"4562048098";"";"";"";"4561047149";"4567049209";"4561047149";"4561047149";"4561047149";"4561047149";"4561047149";"4561047149";"4561047149";"4561047149";"4561047149";"4561047149";"4561047149";"4561047149";"4561047149";"4561047149";"4561047149";"4561047149";"4561047149";"4561047149";"4561047149";"4561047149";"4561047149";"";"4567049209";"4567049209";"4567049209";"4567049209";"4562049218";"1348080544";"0000000000";"0000000000";"";"4566047279";"4565000022";"4567001002";"4562001011";"4561047149";"4566049119";"4567049129";"4567049209";"";"";"";"";"";"";"";"";"";"";"4563048129";"";"";"";"";"";"4560000031";"";""
"CardToken.VPNR";"";"";"";"456138";"";"";"";"456138";"456138";"456138";"";"";"";"";"";"";"";"";"";"";"";"";"";"";"";"";"";"";"";"";"";"";"";"456138";"";"";"";"";"";"";"";"";"456138";"";"";"";"";"";"";"";"";"456138";"456138";"456138";"456138";"456138";"456138";"456138";"456138";"456138";"456138";"";"456138";"456138";"456138";"456138";"456138";"";"456185";"456185"
"CardToken.SVNR im Request";"";"nein";"";"ja";"ja";"";"";"ja";"ja";"nein";"ja";"ja";"ja";"ja";"ja";"ja";"ja";"ja";"ja";"ja";"ja";"ja";"ja";"ja";"ja";"ja";"ja";"ja";"ja";"ja";"ja";"ja";"ja";"nein";"ja";"ja";"ja";"ja";"ja";"ja";"ja";"ja";"nein";"ja";"ja";"ja";"ja";"ja";"ja";"ja";"ja";"ja";"ja";"ja";"nein";"ja";"ja";"ja";"ja";"ja";"ja";"ja";"ja";"ja";"ja";"ja";"nein";"ja";"ja";"nein"
"SVNR-Karte";"";"4561047149";"";"4563003000";"4563003000";"456084";"456084";"";"";"";"";"";"";"";"";"";"";"";"";"";"";"";"";"";"";"";"";"";"";"";"";"";"";"4563003000";"";"";"";"";"";"";"";"";"4563048129";"";"";"";"";"";"";"";"";"4568001012";"4560047219";"4569003001";"";"4560045299";"";"";"";"";"";"";"";"";"";"";"4564000012";"";"";"4560045299"
"KartenleserName";"";"{B[B_Kartenlesername]}";"";"{B[B_Kartenlesername]}";"{B[B_Kartenlesername]}";"";"";"";"";"";"";"";"";"";"";"";"";"";"";"";"";"";"";"";"";"";"";"";"";"";"";"";"";"{B[B_Kartenlesername]}";"";"";"";"";"";"";"";"";"{B[B_Kartenlesername]}";"";"";"";"";"";"";"";"";"{B[B_Kartenlesername]}";"{B[B_Kartenlesername]}";"{B[B_Kartenlesername]}";"";"{B[B_Kartenlesername]}";"";"";"";"";"";"";"";"";"";"";"{B[B_Kartenlesername]}";"";"";"{B[B_Kartenlesername]}"
"KartenleserName_AUTH_1";"{B[B_Kartenlesername]}";"{B[B_Kartenlesername]}";"{B[B_Kartenlesername]}";"{B[B_Kartenlesername]}";"{B[B_Kartenlesername]}";"{B[B_Kartenlesername]}";"{B[B_Kartenlesername]}";"{B[B_Kartenlesername]}";"{B[B_Kartenlesername]}";"{B[B_Kartenlesername]}";"{B[B_Kartenlesername]}";"{B[B_Kartenlesername]}";"{B[B_Kartenlesername]}";"{B[B_Kartenlesername]}";"{B[B_Kartenlesername]}";"{B[B_Kartenlesername]}";"{B[B_Kartenlesername]}";"{B[B_Kartenlesername]}";"{B[B_Kartenlesername]}";"{B[B_Kartenlesername]}";"{B[B_Kartenlesername]}";"{B[B_Kartenlesername]}";"{B[B_Kartenlesername]}";"{B[B_Kartenlesername]}";"{B[B_Kartenlesername]}";"{B[B_Kartenlesername]}";"{B[B_Kartenlesername]}";"{B[B_Kartenlesername]}";"{B[B_Kartenlesername]}";"{B[B_Kartenlesername]}";"{B[B_Kartenlesername]}";"{B[B_Kartenlesername]}";"{B[B_Kartenlesername]}";"{B[B_Kartenlesername]}";"{B[B_Kartenlesername]}";"{B[B_Kartenlesername]}";"{B[B_Kartenlesername]}";"{B[B_Kartenlesername]}";"{B[B_Kartenlesername]}";"{B[B_Kartenlesername]}";"{B[B_Kartenlesername]}";"{B[B_Kartenlesername]}";"{B[B_Kartenlesername]}";"{B[B_Kartenlesername]}";"{B[B_Kartenlesername]}";"{B[B_Kartenlesername]}";"{B[B_Kartenlesername]}";"{B[B_Kartenlesername]}";"{B[B_Kartenlesername]}";"{B[B_Kartenlesername]}";"{B[B_Kartenlesername]}";"{B[B_Kartenlesername]}";"{B[B_Kartenlesername]}";"{B[B_Kartenlesername]}";"{B[B_Kartenlesername]}";"{B[B_Kartenlesername]}";"{B[B_Kartenlesername]}";"{B[B_Kartenlesername]}";"{B[B_Kartenlesername]}";"{B[B_Kartenlesername]}";"{B[B_Kartenlesername]}";"{B[B_Kartenlesername]}";"{B[B_Kartenlesername]}";"{B[B_Kartenlesername]}";"{B[B_Kartenlesername]}";"{B[B_Kartenlesername]}";"{B[B_Kartenlesername]}";"{B[B_Kartenlesername]}";"{B[B_Kartenlesername]}";"{B[B_Kartenlesername]}"
"DialogID";"{B[dialogId]}";"{B[dialogId]}";"{B[dialogId]}";"{B[dialogId]}";"{B[dialogId]}";"{B[dialogId]}";"{B[dialogId]}";"{B[dialogId]}";"{B[dialogId]}";"{B[dialogId]}";"{B[dialogId]}";"{B[dialogId]}";"{B[dialogId]}";"{B[dialogId]}";"{B[dialogId]}";"{B[dialogId]}";"{B[dialogId]}";"{B[dialogId]}";"{B[dialogId]}";"{B[dialogId]}";"{B[dialogId]}";"{B[dialogId]}";"{B[dialogId]}";"Mj00rinv1nfRMji2KbgKwwGCnbhGRwAAhU";"Mj00rinv1nfRMji2KbgKwwGCnbhGRwAA";"{NULL}";"{EMPTY}";"{B[dialogId]}";"{B[dialogId]}";"{B[dialogId]}";"{B[dialogId]}";"{B[dialogId]}";"{B[dialogId]}";"{B[dialogId]}";"{B[dialogId]}";"{B[dialogId]}";"{B[dialogId]}";"{B[dialogId]}";"{B[dialogId]}";"{B[dialogId]}";"{B[dialogId]}";"{B[dialogId]}";"{B[dialogId]}";"{B[dialogId]}";"{B[dialogId]}";"{B[dialogId]}";"{B[dialogId]}";"{B[dialogId]}";"{B[dialogId]}";"{B[dialogId]}";"{B[dialogId]}";"{B[dialogId]}";"{B[dialogId]}";"{B[dialogId]}";"{B[dialogId]}";"{B[dialogId]}";"{B[dialogId]}";"{B[dialogId]}";"{B[dialogId]}";"{B[dialogId]}";"{B[dialogId]}";"{B[dialogId]}";"{B[dialogId]}";"{B[dialogId]}";"{B[dialogId]}";"{B[dialogId]}";"{B[dialogId]}";"{B[dialogId]}";"{B[dialogId]}";"{B[dialogId]}"
"Abteilungscode";"KANN";"KANN";"KANN";"KANN";"KANN";"KANN";"KANN";"KANN";"KANN";"KANN";"KANN";"KANN";"KANN";"KANN";"KANN";"KANN";"KANN";"KANN";"KANN";"KANN";"KANN";"KANN";"KANN";"KANN";"KANN";"KANN";"KANN";"KANN";"KANN";"KANN";"KANN";"KANN";"ICHBINEINZULANGERABTEILUNGSFUNTKIONSCODE";"KANN";"KANN";"KANN";"KANN";"{EMPTY}";"{EMPTY}";"{EMPTY}";"KANN";"KANN";"KANN";"KANN";"KANN";"KANN";"KANN";"KANN";"KANN";"KANN";"KANN";"KANN";"KANN";"KANN";"KANN";"KANN";"KANN";"KANN";"KANN";"KANN";"KANN";"KANN";"KANN";"KANN";"KANN";"KANN";"KANN";"KANN";"KANN";"KANN"
"forceExecution";"true";"true";"true";"true";"true";"true";"true";"true";"true";"true";"true";"true";"true";"true";"true";"true";"true";"true";"true";"true";"true";"true";"true";"true";"true";"true";"true";"true";"true";"true";"true";"true";"true";"true";"true";"true";"true";"true";"true";"true";"true";"true";"true";"true";"true";"true";"true";"true";"true";"true";"true";"true";"true";"true";"true";"true";"true";"true";"true";"true";"true";"true";"true";"true";"true";"true";"true";"true";"true";"true"
"fotoInformation";"";"";"";"";"";"";"";"";"";"";"";"";"";"";"";"";"";"";"";"";"";"";"";"";"";"";"";"";"";"";"";"";"";"";"";"";"";"";"";"";"";"";"x";"";"";"";"";"";"";"";"";"";"";"";"";"x";"";"";"";"";"";"";"";"";"";"";"";"";"x";"x"
"Rückgabe_FotoInfo";"";"";"";"";"";"";"";"";"";"";"";"";"";"";"";"";"";"";"";"";"";"";"";"";"";"";"";"";"";"";"";"";"";"";"";"";"";"";"";"";"";"";"Für den Patienten ist kein Foto verfügbar. Bitte informieren Sie ihn darüber und übergeben Sie den Folder 'So bringen Sie ein Foto für Ihre e-card'!";"";"";"";"";"";"";"";"";"";"";"";"";"Für den Patienten ist kein Foto verfügbar. Bitte informieren Sie ihn darüber und übergeben Sie den Folder 'So bringen Sie ein Foto für Ihre e-card'!";"";"";"";"";"";"";"";"";"";"";"";"";"";""
"insert_fotoinfo.SVNR4";"";"";"";"";"";"";"";"";"";"";"";"";"";"";"";"";"";"";"";"";"";"";"";"";"";"";"";"";"";"";"";"";"";"";"";"";"";"";"";"";"";"";"4563048129";"";"";"";"";"";"";"";"";"";"";"";"";"4560045299";"";"";"";"";"";"";"";"";"";"";"";"";"4560045299";"4560045299"
"insert_fotoinfo.TYP";"";"";"";"";"";"";"";"";"";"";"";"";"";"";"";"";"";"";"";"";"";"";"";"";"";"";"";"";"";"";"";"";"";"";"";"";"";"";"";"";"";"";"FA";"";"";"";"";"";"";"";"";"";"";"";"";"FZ";"";"";"";"";"";"";"";"";"";"";"";"";"FZ";"FZ"
"insert_fotoinfo.EINMELDEZEITPUNKT_OFFSET";"";"";"";"";"";"";"";"";"";"";"";"";"";"";"";"";"";"";"";"";"";"";"";"";"";"";"";"";"";"";"";"";"";"";"";"";"";"";"";"";"";"";"-2";"";"";"";"";"";"";"";"";"";"";"";"";"-2";"";"";"";"";"";"";"";"";"";"";"";"";"-2";"-14"
"insert_fotoinfo.SPERRE_AB_OFFSET";"";"";"";"";"";"";"";"";"";"";"";"";"";"";"";"";"";"";"";"";"";"";"";"";"";"";"";"";"";"";"";"";"";"";"";"";"";"";"";"";"";"";"";"";"";"";"";"";"";"";"";"";"";"";"";"";"";"";"";"";"";"";"";"";"";"";"";"";"";"-1"
"insert_fotoinfo.SPERR_AKTEUR_KZ";"";"";"";"";"";"";"";"";"";"";"";"";"";"";"";"";"";"";"";"";"";"";"";"";"";"";"";"";"";"";"";"";"";"";"";"";"";"";"";"";"";"";"{EMPTY}";"";"";"";"";"";"";"";"";"";"";"";"";"{EMPTY}";"";"";"";"";"";"";"";"";"";"";"";"";"{EMPTY}";"VP"
"insert_fotoinfo.MELDUNG_AKTEUR_KZ";"";"";"";"";"";"";"";"";"";"";"";"";"";"";"";"";"";"";"";"";"";"";"";"";"";"";"";"";"";"";"";"";"";"";"";"";"";"";"";"";"";"";"CK";"";"";"";"";"";"";"";"";"";"";"";"";"CK";"";"";"";"";"";"";"";"";"";"";"";"";"CK";"CK"
"insert_fotoinfo.MELDUNG_AKTEUR_ID";"";"";"";"";"";"";"";"";"";"";"";"";"";"";"";"";"";"";"";"";"";"";"";"";"";"";"";"";"";"";"";"";"";"";"";"";"";"";"";"";"";"";"{NULL}";"";"";"";"";"";"";"";"";"";"";"";"";"{NULL}";"";"";"";"";"";"";"";"";"";"";"";"";"{NULL}";"{NULL}"
"insert_fotoinfo.LOESCH_KZ";"";"";"";"";"";"";"";"";"";"";"";"";"";"";"";"";"";"";"";"";"";"";"";"";"";"";"";"";"";"";"";"";"";"";"";"";"";"";"";"";"";"";"0";"";"";"";"";"";"";"";"";"";"";"";"";"0";"";"";"";"";"";"";"";"";"";"";"";"";"0";"0"
"insert_fotoinfo.HINWEIS";"HINWEIS";"";"";"";"";"";"";"";"";"";"";"";"";"";"";"";"";"";"";"";"";"";"";"";"";"";"";"";"";"";"";"";"";"";"";"";"";"";"";"";"";"";"Test HINWEIS AUT2";"";"";"";"";"";"";"";"";"";"";"";"";"Test HINWEIS AUT2";"";"";"";"";"";"";"";"";"";"";"";"";"Test HINWEIS AUT2";"Test HINWEIS AUT2"
