ParameterName;Fehlerfall: DialogId Länge (33);Fehlerfall: DialogId not existing;Fehlerfall: DialogId NULL;Fehlerfall: DialogId leer;FF: SVSV-Token, SVNR-Eingabe unterschiedlich;FF: VPVP-Token mit SVNR nicht erlaubt;FF: VPSV-Token nicht erlaubt;FF: VPVP-Token nicht erlaubt;FF: SVSV-Token abgelaufen;OclMuhi_SS12_ vorauss. Geburtstermin leer;OclMuhi_SS12_ vorauss. Geburtstermin null;OclMuhi_SS12_ vorauss. Geburtstermin Vergangenheit;OclMuhi_SS12_ vorauss. Geburtstermin Ungültiger Wert;OclMuhi_SS12_ vorauss. Geburtstermin <= 8 Wochen;OclMuhi_SS12 Ort_leer;OclMuhi_SS12 Ort_null;OclMuhi_SS12 PLZ_leer;OclMuhi_SS12 PLZ_null;OclMuhi_SS12, Token Null, SVNR-Eingabe IG_01 >20 Wochen <32 Wochen;OclMuhi_SS12, FG07, SVNR-Eingabe IG_01 >20 Wochen <32 Wochen_GF;OclMuhi_SS12, Token Null, SVNR-Eingabe IG_02 >20 Wochen <32 Wochen;OclMuhi_SS12, Token Null, SVNR-Eingabe IG_03 >20 Wochen <32 Wochen;OclMuhi_SS12, Token Null, SVNR-Eingabe IG_04 >20 Wochen <32 Wochen;OclMuhi_SS12, Token Null, SVNR-Eingabe IG_05 >20 Wochen <32 Wochen;OclMuhi_SS12, Token Null, SVNR-Eingabe IG_06 >20 Wochen <32 Wochen;OclMuhi_SS12, Token Null, SVNR-Eingabe IG_07 >20 Wochen <32 Wochen;OclMuhi_SS12, Token Null, SVNR-Eingabe IG_08 >20 Wochen <32 Wochen;OclMuhi_SS12, Token Null, SVNR-Eingabe IG_09 >20 Wochen <32 Wochen;OclMuhi_SS12, Token Null, SVNR-Eingabe IG_10 >20 Wochen <32 Wochen;OclMuhi_SS12, Token Null, SVNR-Eingabe IG_11 >20 Wochen <32 Wochen;OclMuhi_SS12, Token Null, SVNR-Eingabe IG_12 >20 Wochen <32 Wochen;OclMuhi_SS12, Token Null, SVNR-Eingabe IG_13 >20 Wochen <32 Wochen;OclMuhi_SS12, Token Null, SVNR-Eingabe IG_14 >20 Wochen <32 Wochen;OclMuhi_SS12, Token Null, SVNR-Eingabe IG_15 >20 Wochen <32 Wochen;OclMuhi_SS12, Token Null, SVNR-Eingabe IG_16 >20 Wochen <32 Wochen;OclMuhi_SS12, Token Null, SVNR-Eingabe IG_17 >20 Wochen <32 Wochen;OclMuhi_SS12, Token Null, SVNR-Eingabe IG_01 <16 Wochen;OclMuhi_SS12, Token Null, SVNR-Eingabe IG_02 <16 Wochen;OclMuhi_SS12, Token Null, SVNR-Eingabe IG_03 <16 Wochen;OclMuhi_SS12, Token Null, SVNR-Eingabe IG_04 <16 Wochen;OclMuhi_SS12, Token Null, SVNR-Eingabe IG_05 <16 Wochen;OclMuhi_SS12, Token Null, SVNR-Eingabe IG_06 <16 Wochen;OclMuhi_SS12, Token Null, SVNR-Eingabe IG_07 <16 Wochen;OclMuhi_SS12, Token Null, SVNR-Eingabe IG_08 <16 Wochen;OclMuhi_SS12, Token Null, SVNR-Eingabe IG_09 <16 Wochen;OclMuhi_SS12, Token Null, SVNR-Eingabe IG_10 <16 Wochen;OclMuhi_SS12, Token Null, SVNR-Eingabe IG_11 <16 Wochen;OclMuhi_SS12, Token Null, SVNR-Eingabe IG_12 <16 Wochen;OclMuhi_SS12, Token Null, SVNR-Eingabe IG_13 <16 Wochen;OclMuhi_SS12, Token Null, SVNR-Eingabe IG_14 <16 Wochen;OclMuhi_SS12, Token Null, SVNR-Eingabe IG_15 <16 Wochen;OclMuhi_SS12, Token Null, SVNR-Eingabe IG_16 <16 Wochen;OclMuhi_SS12, Token Null, SVNR-Eingabe IG_17 <16 Wochen;OclMuhi_SS12, Token, IG_01 >20 Wochen <32 Wochen;OclMuhi_SS12, Token, IG_02 >20 Wochen <32 Wochen;OclMuhi_SS12, Token, IG_03 >20 Wochen <32 Wochen;OclMuhi_SS12, Token, IG_04 >20 Wochen <32 Wochen;OclMuhi_SS12, Token, IG_05 >20 Wochen <32 Wochen;OclMuhi_SS12, Token, IG_06 >20 Wochen <32 Wochen;OclMuhi_SS12, Token, IG_07 >20 Wochen <32 Wochen;OclMuhi_SS12, Token, IG_08 >20 Wochen <32 Wochen;OclMuhi_SS12, Token, IG_09 >20 Wochen <32 Wochen;OclMuhi_SS12, Token, IG_10 >20 Wochen <32 Wochen;OclMuhi_SS12, Token, IG_11 >20 Wochen <32 Wochen;OclMuhi_SS12, Token, IG_12 >20 Wochen <32 Wochen;OclMuhi_SS12, Token, IG_13 >20 Wochen <32 Wochen;OclMuhi_SS12, Token, IG_14 >20 Wochen <32 Wochen;OclMuhi_SS12, Token, IG_15 >20 Wochen <32 Wochen;OclMuhi_SS12, Token, IG_16 >20 Wochen <32 Wochen;OclMuhi_SS12, Token, IG_17 >20 Wochen <32 Wochen;OclMuhi_SS12, Token, IG_01 15. Woche;OclMuhi_SS12, Token, IG_02 15. Woche;OclMuhi_SS12, Token, IG_03 15. Woche;OclMuhi_SS12, Token, IG_04 15. Woche;OclMuhi_SS12, Token, IG_05 15. Woche;OclMuhi_SS12, Token, IG_06 15. Woche;OclMuhi_SS12, Token, IG_07 15. Woche;OclMuhi_SS12, Token, IG_08 15. Woche;OclMuhi_SS12, Token, IG_09 15. Woche;OclMuhi_SS12, Token, IG_10 15. Woche;OclMuhi_SS12, Token, IG_11 15. Woche;OclMuhi_SS12, Token, IG_12 15. Woche;OclMuhi_SS12, Token, IG_13 15. Woche;OclMuhi_SS12, Token, IG_14 15. Woche;OclMuhi_SS12, Token, IG_15 15. Woche;OclMuhi_SS12, Token, IG_16 15. Woche;OclMuhi_SS12, Token, IG_17 15. Woche;OclMuhi_SS12, Token Null, SVNR-Eingabe IG_01 >16 Wochen <19 Wochen;OclMuhi_SS12, Token Null, SVNR-Eingabe IG_02 >16 Wochen <19 Wochen;OclMuhi_SS12, Token Null, SVNR-Eingabe IG_03 >16 Wochen <19 Wochen;OclMuhi_SS12, Token Null, SVNR-Eingabe IG_04 >16 Wochen <19 Wochen;OclMuhi_SS12, Token Null, SVNR-Eingabe IG_05 >16 Wochen <19 Wochen;OclMuhi_SS12, Token Null, SVNR-Eingabe IG_06 >16 Wochen <19 Wochen;OclMuhi_SS12, Token Null, SVNR-Eingabe IG_07 >16 Wochen <19 Wochen;OclMuhi_SS12, Token Null, SVNR-Eingabe IG_08 >16 Wochen <19 Wochen;OclMuhi_SS12, Token Null, SVNR-Eingabe IG_09 >16 Wochen <19 Wochen;OclMuhi_SS12, Token Null, SVNR-Eingabe IG_10 >16 Wochen <19 Wochen;OclMuhi_SS12, Token Null, SVNR-Eingabe IG_11 >16 Wochen <19 Wochen;OclMuhi_SS12, Token Null, SVNR-Eingabe IG_12 >16 Wochen <19 Wochen;OclMuhi_SS12, Token Null, SVNR-Eingabe IG_13 >16 Wochen <19 Wochen;OclMuhi_SS12, Token Null, SVNR-Eingabe IG_14 >16 Wochen <19 Wochen;OclMuhi_SS12, Token Null, SVNR-Eingabe IG_15 >16 Wochen <19 Wochen;OclMuhi_SS12, Token Null, SVNR-Eingabe IG_16 >16 Wochen <19 Wochen;OclMuhi_SS12, Token Null, SVNR-Eingabe IG_17 >16 Wochen <19 Wochen;OclMuhi_SS12, Person bei ÖGK und BVAEB versichert;OclMuhi_SS12, Person  BVAEB versichert;OclMuhi_SS12, Adresse min;OclMuhi_SS12, Adresse max;OclMuhi_SS12, Zusatzbegründung min;OclMuhi_SS12, Zusatzbegründung max;OclMuhi_SS12, Begründung Vordatierung min;OclMuhi_SS12, Begründung Vordatierung max;OclMuhi_SS12, Dauer zu lang;OclMuhi_SS12, Token, Zusatzbegrüdnung / Vordatierung;OclMuhi_SS12, Token Null, SVNR-Eingabe IG_01 >16 Wochen <19 Wochen, Vordatierung unmöglich_FF;OclMuhi_SS12, Begründung Vordatierung zu lang_FF;OclMuhi_SS12, Begründung Vordatierung-fehlt_FF;OclMuhi_SS12, Token Null, SVNR-Eingabe IG_01 >20 Wochen <32 Wochen_Wert_Begründung ungültig_FF;OclMuhi_SS12, Token Null, SVNR-Eingabe IG_01 >20 Wochen <32 Wochen_mit Begründung Vordatierung_FF
Instanz;ALL;ALL;ALL;ALL;ALL;ALL;ALL;ALL;ALL;ALL;ALL;ALL;ALL;ALL;ALL;ALL;ALL;ALL;ALL;ALL;ALL;ALL;ALL;ALL;ALL;ALL;ALL;ALL;ALL;ALL;ALL;ALL;ALL;ALL;ALL;ALL;ALL;ALL;ALL;ALL;ALL;ALL;ALL;ALL;ALL;ALL;ALL;ALL;ALL;ALL;ALL;ALL;ALL;ALL;ALL;ALL;ALL;ALL;ALL;ALL;ALL;ALL;ALL;ALL;ALL;ALL;ALL;ALL;ALL;ALL;ALL;ALL;ALL;ALL;ALL;ALL;ALL;ALL;ALL;ALL;ALL;ALL;ALL;ALL;ALL;ALL;ALL;ALL;ALL;ALL;ALL;ALL;ALL;ALL;ALL;ALL;ALL;ALL;ALL;ALL;ALL;ALL;ALL;ALL;ALL;ALL;ALL;ALL;ALL;ALL;ALL;ALL;ALL;ALL;ALL;ALL;ALL;ALL;ALL
Replayable;;;;;;;;;;;;;;;;;;;;;;x;;;;;;;;;;;;;;;;;;;;;;;;;;;;;;;;;;;;;;;;;;;;;;;;;;;;;;;;;;;;;;;;;;;;;;;;;;;;;;;;;;;;;;;;;;;;;;;;;
Vertragspartner.VPNR;336010;336010;336010;336010;336047;336047;336047;336047;336047;336047;336047;336047;336047;336047;336047;336047;336047;336047;336047;336047;336047;336047;336047;336047;336047;336047;336047;336047;336047;336047;336047;336047;336047;336047;336047;336047;336047;336047;336047;336047;336047;336047;336047;336047;336047;336047;336047;336047;336047;336047;336047;336047;336047;336047;336047;336047;336047;336047;336047;336047;336047;336047;336047;336047;336047;336047;336047;336047;336047;336047;336047;336047;336047;336047;336047;336047;336047;336047;336047;336047;336047;336047;336047;336047;336047;336047;336047;336047;336047;336047;336047;336047;336047;336047;336047;336047;336047;336047;336047;336047;336047;336047;336047;336047;336047;336047;336047;336047;336047;336047;336047;336047;336047;336047;336047;336047;336047;336047;336047
Vertragspartner.Ord_id;15682607;15682607;15682607;15682607;15682603;15682603;15682603;15682603;15682603;15682603;15682603;15682603;15682603;15682603;15682603;15682603;15682603;15682603;15682603;15682603;15682603;15682603;15682603;15682603;15682603;15682603;15682603;15682603;15682603;15682603;15682603;15682603;15682603;15682603;15682603;15682603;15682603;15682603;15682603;15682603;15682603;15682603;15682603;15682603;15682603;15682603;15682603;15682603;15682603;15682603;15682603;15682603;15682603;15682603;15682603;15682603;15682603;15682603;15682603;15682603;15682603;15682603;15682603;15682603;15682603;15682603;15682603;15682603;15682603;15682603;15682603;15682603;15682603;15682603;15682603;15682603;15682603;15682603;15682603;15682603;15682603;15682603;15682603;15682603;15682603;15682603;15682603;15682603;15682603;15682603;15682603;15682603;15682603;15682603;15682603;15682603;15682603;15682603;15682603;15682603;15682603;15682603;15682603;15682603;15682603;15682603;15682603;15682603;15682603;15682603;15682603;15682603;15682603;15682603;15682603;15682603;15682603;15682603;15682603
Vertragspartner.OrdinationsId;99;99;99;99;99;99;99;99;99;99;99;99;99;99;99;99;99;99;99;99;99;99;99;99;99;99;99;99;99;99;99;99;99;99;99;99;99;99;99;99;99;99;99;99;99;99;99;99;99;99;99;99;99;99;99;99;99;99;99;99;99;99;99;99;99;99;99;99;99;99;99;99;99;99;99;99;99;99;99;99;99;99;99;99;99;99;99;99;99;99;99;99;99;99;99;99;99;99;99;99;99;99;99;99;99;99;99;99;99;99;99;99;99;99;99;99;99;99;99
SVPerson.SVNR;;;;;;;;;;3364000961;3364000961;3364000961;3364000961;3364000961;3364000961;3364000961;3364000961;3364000961;3364000961;3364000961;3364000961;3364000961;3364000961;3364000961;3364000961;3364000961;3364000961;3364000961;3364000961;3364000961;3364000961;3364000961;3364000961;3364000961;3364000961;3364000961;3364000961;3364000961;3364000961;3364000961;3364000961;3364000961;3364000961;3364000961;3364000961;3364000961;3364000961;3364000961;3364000961;3364000961;3364000961;3364000961;3364000961;3364011003;3364011003;3364011003;3364011003;3364011003;3364011003;3364011003;3364011003;3364011003;3364011003;3364011003;3364011003;3364011003;3364011003;3364011003;3364011003;3364011003;3364011003;3364011003;3364011003;3364011003;3364011003;3364011003;3364011003;3364011003;3364011003;3364011003;3364011003;3364011003;3364011003;3364011003;3364011003;3364011003;3364011003;3364000961;3364000961;3364000961;3364000961;3364000961;3364000961;3364000961;3364000961;3364000961;3364000961;3364000961;3364000961;3364000961;3364000961;3364000961;3364000961;3364000961;3364000822;3363001911;3364000822;3364000822;3364000822;3364000822;3364000822;3364000822;3364000822;3364011003;3364000961;3364000822;3364000822;3364000961;3364000961
SVPerson.Name.Titel_vorne;;;;;;;;;;;;;;;;;;;;;;;;;;;;;;;;;;;;;;;;;;;;;;;;;;;;;;;;;;;;;;;;;;;;;;;;;;;;;;;;;;;;;;;;;;;;;;;;;;;;;;;;;;;;;;;;;;;;;;;
SVPerson.Name.Vorname;;;;;;;;;;Patient;Patient;Patient;Patient;Patient;Patient;Patient;Patient;Patient;Patient;Patient;Patient;Patient;Patient;Patient;Patient;Patient;Patient;Patient;Patient;Patient;Patient;Patient;Patient;Patient;Patient;Patient;Patient;Patient;Patient;Patient;Patient;Patient;Patient;Patient;Patient;Patient;Patient;Patient;Patient;Patient;Patient;Patient;Patient;Elias;Elias;Elias;Elias;Elias;Elias;Elias;Elias;Elias;Elias;Elias;Elias;Elias;Elias;Elias;Elias;Elias;Elias;Elias;Elias;Elias;Elias;Elias;Elias;Elias;Elias;Elias;Elias;Elias;Elias;Elias;Elias;Elias;Elias;Patient;Patient;Patient;Patient;Patient;Patient;Patient;Patient;Patient;Patient;Patient;Patient;Patient;Patient;Patient;Patient;Patient;Hüsniye;Georg;Hüsniye;Hüsniye;Hüsniye;Hüsniye;Hüsniye;Hüsniye;Hüsniye;Elias;Patient;Hüsniye;Hüsniye;Patient;Patient
SVPerson.Name.Nachname;;;;;;;;;;Muster-000197-MUHI-SS12;Muster-000197-MUHI-SS12;Muster-000197-MUHI-SS12;Muster-000197-MUHI-SS12;Muster-000197-MUHI-SS12;Muster-000197-MUHI-SS12;Muster-000197-MUHI-SS12;Muster-000197-MUHI-SS12;Muster-000197-MUHI-SS12;Muster-000197-MUHI-SS12;Muster-000197-MUHI-SS12;Muster-000197-MUHI-SS12;Muster-000197-MUHI-SS12;Muster-000197-MUHI-SS12;Muster-000197-MUHI-SS12;Muster-000197-MUHI-SS12;Muster-000197-MUHI-SS12;Muster-000197-MUHI-SS12;Muster-000197-MUHI-SS12;Muster-000197-MUHI-SS12;Muster-000197-MUHI-SS12;Muster-000197-MUHI-SS12;Muster-000197-MUHI-SS12;Muster-000197-MUHI-SS12;Muster-000197-MUHI-SS12;Muster-000197-MUHI-SS12;Muster-000197-MUHI-SS12;Muster-000197-MUHI-SS12;Muster-000197-MUHI-SS12;Muster-000197-MUHI-SS12;Muster-000197-MUHI-SS12;Muster-000197-MUHI-SS12;Muster-000197-MUHI-SS12;Muster-000197-MUHI-SS12;Muster-000197-MUHI-SS12;Muster-000197-MUHI-SS12;Muster-000197-MUHI-SS12;Muster-000197-MUHI-SS12;Muster-000197-MUHI-SS12;Muster-000197-MUHI-SS12;Muster-000197-MUHI-SS12;Muster-000197-MUHI-SS12;Muster-000197-MUHI-SS12;Muster-000197-MUHI-SS12;Töröcsik-MUHI-SS12;Töröcsik-MUHI-SS12;Töröcsik-MUHI-SS12;Töröcsik-MUHI-SS12;Töröcsik-MUHI-SS12;Töröcsik-MUHI-SS12;Töröcsik-MUHI-SS12;Töröcsik-MUHI-SS12;Töröcsik-MUHI-SS12;Töröcsik-MUHI-SS12;Töröcsik-MUHI-SS12;Töröcsik-MUHI-SS12;Töröcsik-MUHI-SS12;Töröcsik-MUHI-SS12;Töröcsik-MUHI-SS12;Töröcsik-MUHI-SS12;Töröcsik-MUHI-SS12;Töröcsik-MUHI-SS12;Töröcsik-MUHI-SS12;Töröcsik-MUHI-SS12;Töröcsik-MUHI-SS12;Töröcsik-MUHI-SS12;Töröcsik-MUHI-SS12;Töröcsik-MUHI-SS12;Töröcsik-MUHI-SS12;Töröcsik-MUHI-SS12;Töröcsik-MUHI-SS12;Töröcsik-MUHI-SS12;Töröcsik-MUHI-SS12;Töröcsik-MUHI-SS12;Töröcsik-MUHI-SS12;Töröcsik-MUHI-SS12;Töröcsik-MUHI-SS12;Töröcsik-MUHI-SS12;Muster-000197-MUHI-SS12;Muster-000197-MUHI-SS12;Muster-000197-MUHI-SS12;Muster-000197-MUHI-SS12;Muster-000197-MUHI-SS12;Muster-000197-MUHI-SS12;Muster-000197-MUHI-SS12;Muster-000197-MUHI-SS12;Muster-000197-MUHI-SS12;Muster-000197-MUHI-SS12;Muster-000197-MUHI-SS12;Muster-000197-MUHI-SS12;Muster-000197-MUHI-SS12;Muster-000197-MUHI-SS12;Muster-000197-MUHI-SS12;Muster-000197-MUHI-SS12;Muster-000197-MUHI-SS12;Öztürk-MUHI-SS12;Schwägerl-Flor-MUHI-SS12;Öztürk-MUHI-SS12;Öztürk-MUHI-SS12;Öztürk-MUHI-SS12;Öztürk-MUHI-SS12;Öztürk-MUHI-SS12;Öztürk-MUHI-SS12;Öztürk-MUHI-SS12;Töröcsik-MUHI-SS12;Muster-000197-MUHI-SS12;Öztürk-MUHI-SS12;Öztürk-MUHI-SS12;Muster-000197-MUHI-SS12;Muster-000197-MUHI-SS12
SVPerson.Name.Titel_hinten;;;;;;;;;;;;;;;;;;;;;;;;;;;;;;;;;;;;;;;;;;;;;;;;;;;;;;;;;;;;;;;;;;;;;;;;;;;;;;;;;;;;;;;;;;;;;;;;;;;;;;;;;;;;;;;;;;;;;;;
SVPerson.Druckname.Titel_vorne;;;;;;;;;;;;;;;;;;;;;;;;;;;;;;;;;;;;;;;;;;;;;;;;;;;;;;;;;;;;;;;;;;;;;;;;;;;;;;;;;;;;;;;;;;;;;;;;;;;;;;;;;;;;;;;;;;;;;;;
SVPerson.Druckname.Vorname;;;;;;;;;;;;;;;;;;;;;;;;;;;;;;;;;;;;;;;;;;;;;;;;;;;;;;Éliás;Éliás;Éliás;Éliás;Éliás;Éliás;Éliás;Éliás;Éliás;Éliás;Éliás;Éliás;Éliás;Éliás;Éliás;Éliás;Éliás;Éliás;Éliás;Éliás;Éliás;Éliás;Éliás;Éliás;Éliás;Éliás;Éliás;Éliás;Éliás;Éliás;Éliás;Éliás;Éliás;Éliás;;;;;;;;;;;;;;;;;;;;;;;;;;;Éliás;;;;;
SVPerson.Druckname.Nachname;;;;;;;;;;;;;;;;;;;;;;;;;;;;;;;;;;;;;;;;;;;;;;;;;;;;;;Törőcsik-MUHI-SS12;Törőcsik-MUHI-SS12;Törőcsik-MUHI-SS12;Törőcsik-MUHI-SS12;Törőcsik-MUHI-SS12;Törőcsik-MUHI-SS12;Törőcsik-MUHI-SS12;Törőcsik-MUHI-SS12;Törőcsik-MUHI-SS12;Törőcsik-MUHI-SS12;Törőcsik-MUHI-SS12;Törőcsik-MUHI-SS12;Törőcsik-MUHI-SS12;Törőcsik-MUHI-SS12;Törőcsik-MUHI-SS12;Törőcsik-MUHI-SS12;Törőcsik-MUHI-SS12;Törőcsik-MUHI-SS12;Törőcsik-MUHI-SS12;Törőcsik-MUHI-SS12;Törőcsik-MUHI-SS12;Törőcsik-MUHI-SS12;Törőcsik-MUHI-SS12;Törőcsik-MUHI-SS12;Törőcsik-MUHI-SS12;Törőcsik-MUHI-SS12;Törőcsik-MUHI-SS12;Törőcsik-MUHI-SS12;Törőcsik-MUHI-SS12;Törőcsik-MUHI-SS12;Törőcsik-MUHI-SS12;Törőcsik-MUHI-SS12;Törőcsik-MUHI-SS12;Törőcsik-MUHI-SS12;;;;;;;;;;;;;;;;;;;;;;;;;;;Törőcsik-MUHI-SS12;;;;;
SVPerson.Druckname.Titel_hinten;;;;;;;;;;;;;;;;;;;;;;;;;;;;;;;;;;;;;;;;;;;;;;;;;;;;;;;;;;;;;;;;;;;;;;;;;;;;;;;;;;;;;;;;;;;;;;;;;;;;;;;;;;;;;;;;;;;;;;;
SVPerson.Geschlecht;;;;;;;;;;W;W;W;W;W;W;W;W;W;W;W;W;W;W;W;W;W;W;W;W;W;W;W;W;W;W;W;W;W;W;W;W;W;W;W;W;W;W;W;W;W;W;W;W;W;W;W;W;W;W;W;W;W;W;W;W;W;W;W;W;W;W;W;W;W;W;W;W;W;W;W;W;W;W;W;W;W;W;W;W;W;W;W;W;W;W;W;W;W;W;W;W;W;W;W;M;M;M;M;M;M;M;M;M;W;W;M;M;W;W
SVPerson.Geburtsdatum;;;;;;;;;;01.12.1915;01.12.1915;01.12.1915;01.12.1915;01.12.1915;01.12.1915;01.12.1915;01.12.1915;01.12.1915;01.12.1915;01.12.1915;01.12.1915;01.12.1915;01.12.1915;01.12.1915;01.12.1915;01.12.1915;01.12.1915;01.12.1915;01.12.1915;01.12.1915;01.12.1915;01.12.1915;01.12.1915;01.12.1915;01.12.1915;01.12.1915;01.12.1915;01.12.1915;01.12.1915;01.12.1915;01.12.1915;01.12.1915;01.12.1915;01.12.1915;01.12.1915;01.12.1915;01.12.1915;01.12.1915;01.12.1915;01.12.1915;01.12.1915;01.12.1915;01.12.1915;11.10.1955;11.10.1955;11.10.1955;11.10.1955;11.10.1955;11.10.1955;11.10.1955;11.10.1955;11.10.1955;11.10.1955;11.10.1955;11.10.1955;11.10.1955;11.10.1955;11.10.1955;11.10.1955;11.10.1955;11.10.1955;11.10.1955;11.10.1955;11.10.1955;11.10.1955;11.10.1955;11.10.1955;11.10.1955;11.10.1955;11.10.1955;11.10.1955;11.10.1955;11.10.1955;11.10.1955;11.10.1955;11.10.1955;11.10.1955;01.12.1915;01.12.1915;01.12.1915;01.12.1915;01.12.1915;01.12.1915;01.12.1915;01.12.1915;01.12.1915;01.12.1915;01.12.1915;01.12.1915;01.12.1915;01.12.1915;01.12.1915;01.12.1915;01.12.1915;05.03.1963;14.07.2012;05.03.1963;05.03.1963;05.03.1963;05.03.1963;05.03.1963;05.03.1963;05.03.1963;11.10.1955;01.12.1915;05.03.1963;05.03.1963;01.12.1915;01.12.1915
DialogID;Mj00rinv1nfRMji2KbgKwwGCnbhGRwAAhU;Mj00rinv1nfRMji2KbgKwwGCnbhGRwAA;{NULL};{EMPTY};{B[dialogId]};{B[dialogId]};{B[dialogId]};{B[dialogId]};{B[dialogId]};{B[dialogId]};{B[dialogId]};{B[dialogId]};{B[dialogId]};{B[dialogId]};{B[dialogId]};{B[dialogId]};{B[dialogId]};{B[dialogId]};{B[dialogId]};{B[dialogId]};{B[dialogId]};{B[dialogId]};{B[dialogId]};{B[dialogId]};{B[dialogId]};{B[dialogId]};{B[dialogId]};{B[dialogId]};{B[dialogId]};{B[dialogId]};{B[dialogId]};{B[dialogId]};{B[dialogId]};{B[dialogId]};{B[dialogId]};{B[dialogId]};{B[dialogId]};{B[dialogId]};{B[dialogId]};{B[dialogId]};{B[dialogId]};{B[dialogId]};{B[dialogId]};{B[dialogId]};{B[dialogId]};{B[dialogId]};{B[dialogId]};{B[dialogId]};{B[dialogId]};{B[dialogId]};{B[dialogId]};{B[dialogId]};{B[dialogId]};{B[dialogId]};{B[dialogId]};{B[dialogId]};{B[dialogId]};{B[dialogId]};{B[dialogId]};{B[dialogId]};{B[dialogId]};{B[dialogId]};{B[dialogId]};{B[dialogId]};{B[dialogId]};{B[dialogId]};{B[dialogId]};{B[dialogId]};{B[dialogId]};{B[dialogId]};{B[dialogId]};{B[dialogId]};{B[dialogId]};{B[dialogId]};{B[dialogId]};{B[dialogId]};{B[dialogId]};{B[dialogId]};{B[dialogId]};{B[dialogId]};{B[dialogId]};{B[dialogId]};{B[dialogId]};{B[dialogId]};{B[dialogId]};{B[dialogId]};{B[dialogId]};{B[dialogId]};{B[dialogId]};{B[dialogId]};{B[dialogId]};{B[dialogId]};{B[dialogId]};{B[dialogId]};{B[dialogId]};{B[dialogId]};{B[dialogId]};{B[dialogId]};{B[dialogId]};{B[dialogId]};{B[dialogId]};{B[dialogId]};{B[dialogId]};{B[dialogId]};{B[dialogId]};{B[dialogId]};{B[dialogId]};{B[dialogId]};{B[dialogId]};{B[dialogId]};{B[dialogId]};{B[dialogId]};{B[dialogId]};{B[dialogId]};{B[dialogId]};{B[dialogId]};{B[dialogId]};{B[dialogId]};{B[dialogId]}
CardToken.Tokentyp;;;;;;VPVP;VPSV;VPVP;;;;;;;;;;;;;;;;;;;;;;;;;;;;;;;;;;;;;;;;;;;;;;;;;;;;;;;;;;;;;;;;;;;;;;;;;;;;;;;;;;;;;;;;;;;;;;;;;;;;;;;;;;;;;;;
CardToken.SVNRKarte;;;;;3364011003;;;;;;;;;;;;;;;;;;;;;;;;;;;;;;;;;;;;;;;;;;;;;;;;;3364011003;3364011003;3364011003;3364011003;3364011003;3364011003;3364011003;3364011003;3364011003;3364011003;3364011003;3364011003;3364011003;3364011003;3364011003;3364011003;3364011003;3364011003;3364011003;3364011003;3364011003;3364011003;3364011003;3364011003;3364011003;3364011003;3364011003;3364011003;3364011003;3364011003;3364011003;3364011003;3364011003;3364011003;;;;;;;;;;;;;;;;;;;;;;;;;;;3364011003;;;;;
CardToken.VPNRKarte;;;;;;336010;336047;336047;;;;;;;;;;;;;;;;;;;;;;;;;;;;;;;;;;;;;;;;;;;;;;;;;;;;;;;;;;;;;;;;;;;;;;;;;;;;;;;;;;;;;;;;;;;;;;;;;;;;;;;;;;;;;;;
CardToken.TokenWert;;;;;;;;;eyJhbGciOiJFUzM4NCJ9.eyJpYXQiOjE3MzQzNTE2NjAsInN2bnIiOiIzMzY0MDExMDAzIiwidnBuciI6IjMzNjA0NyIsInNpZyI6Ik1JSE1BZ0VCTVFrd0J3WUZLdzREQWhvd0N3WUpLb1pJaHZjTkFRY0JNWUd1TUlHckFnRUJNRmd3VERFTE1Ba0dBMVVFQmhNQ1FWUXhHekFaQmdOVkJBb1RFbE52ZW1saGJIWmxjbk5wWTJobGNuVnVaekVPTUF3R0ExVUVDeE1GVTFaVGFXY3hFREFPQmdOVkJBTVRCMVJsYzNRdFEwRUNDQUxRNERsL0FFNmpNQWNHQlNzT0F3SWFNQWtHQnlxR1NNNDlCQUVFT0RBMkFoa0FudGNyWnc0b1NKVWtLTml1L0JwNGNES1JFa3ovUXo5ZEFoa0FuYm9BUCsreHRzdzd3bHFkV0ZHcDhkbjFIbnBOY0NOZyIsInNpZ1R5cGUiOiJzdiIsImNpbiI6IjgwMDQwMDAwMDYyMDAwMDAwMzQzIiwiY2FyZCI6ImUiLCJyZHJJZCI6IjY2NjY5MDEwOTAiLCJ2IjoxfQ.1QDkmZJG4OmdV0NI7vvRzmAItbP9eScvQW4Y4BsXNxfv_E-viU4Jr0zPegt8lVpNtYtsWzhLcXfSDHnCNitOhbcX7vVyxBlsSTZ36odjnyZxL9zRj--cS0ZbAmncbP6t;;;;;;;;;;{NULL};{NULL};{NULL};{NULL};{NULL};{NULL};{NULL};{NULL};{NULL};{NULL};{NULL};{NULL};{NULL};{NULL};{NULL};{NULL};{NULL};{NULL};{NULL};{NULL};{NULL};{NULL};{NULL};{NULL};{NULL};{NULL};{NULL};{NULL};{NULL};{NULL};{NULL};{NULL};{NULL};{NULL};{NULL};{NULL};{NULL};{NULL};{NULL};{NULL};{NULL};{NULL};{NULL};{NULL};{NULL};{NULL};{NULL};{NULL};{NULL};{NULL};{NULL};{NULL};{NULL};{NULL};{NULL};{NULL};{NULL};{NULL};{NULL};{NULL};{NULL};{NULL};{NULL};{NULL};{NULL};{NULL};{NULL};{NULL};{NULL};{NULL};{NULL};{NULL};{NULL};{NULL};{NULL};{NULL};{NULL};{NULL};{NULL};{NULL};{NULL};{NULL};{NULL};{NULL};{NULL};{NULL};{NULL};{NULL};{NULL};{NULL};{NULL};{NULL};{NULL};{NULL};{NULL};{NULL};{NULL};{NULL};{NULL};{NULL};{NULL}
CardToken.SVNR;;;;;;;3364011003;3364011003;;;;;;;;;;;;;;;;;;;;;;;;;;;;;;;;;;;;;;;;;;;;;;;;;;;;;;;;;;;;;;;;;;;;;;;;;;;;;;;;;;;;;;;;;;;;;;;;;;;;;;;;;;;;;;;
CardToken.VPNR;;;;;336010;;;;;;;;;;;;;;336047;336047;336047;336047;336047;336047;336047;336047;336047;336047;336047;336047;336047;336047;336047;336047;336047;336047;336047;336047;336047;336047;336047;336047;336047;336047;336047;336047;336047;336047;336047;336047;336047;336047;336047;336047;336047;336047;336047;336047;336047;336047;336047;336047;336047;336047;336047;336047;336047;336047;336047;336047;336047;336047;336047;336047;336047;336047;336047;336047;336047;336047;336047;336047;336047;336047;336047;336047;336047;336047;336047;336047;336047;336047;336047;336047;336047;336047;336047;336047;336047;336047;336047;336047;336047;336047;336047;336047;336047;336047;336047;336047;336047;336047;336047;336047;336047;336047;336047;336047;336047
BeginnIndividuellesBeschaeftigungsverbot;;;;;;;;;;;;;;;;;;;;;;;;;;;;;;;;;;;;;;;;;;;;;;;;;;;;;;;;;;;;;;;;;;;;;;;true;true;true;true;true;true;true;true;true;true;true;true;true;true;true;true;true;;;;;;;;;;;;;;;;;;;;;;;;true;true;;true;true;true;true;;
Begruendung;;;;;IG_01;IG_01;IG_01;IG_01;IG_01;IG_01;IG_01;IG_01;IG_01;IG_01;IG_01;IG_01;IG_01;IG_01;IG_01;IG_01;IG_02;IG_03;IG_04;IG_05;IG_06;IG_07;IG_08;IG_09;IG_10;IG_11;IG_12;IG_13;IG_14;IG_15;IG_16;IG_17;IG_01;IG_02;IG_03;IG_04;IG_05;IG_06;IG_07;IG_08;IG_09;IG_10;IG_11;IG_11;IG_13;IG_14;IG_15;IG_16;IG_17;IG_01;IG_02;IG_03;IG_04;IG_05;IG_06;IG_07;IG_08;IG_09;IG_10;IG_11;IG_12;IG_13;IG_14;IG_15;IG_16;IG_17;IG_01;IG_02;IG_03;IG_04;IG_05;IG_06;IG_07;IG_08;IG_09;IG_10;IG_11;IG_12;IG_13;IG_14;IG_15;IG_16;IG_17;IG_01;IG_02;IG_03;IG_04;IG_05;IG_06;IG_07;IG_08;IG_09;IG_10;IG_11;IG_12;IG_13;IG_14;IG_15;IG_16;IG_17;IG_17;IG_17;IG_17;IG_17;IG_17;IG_17;IG_03;IG_03;IG_17;IG_07;IG_03;IG_03;IG_03;IG;IG_01
BegruendungVordatierung;;;;;;;;;;;;;;;;;;;;;;;;;;;;;;;;;;;;;;;;;;;;;;;;;;;;;;;;;;;;;;;;;;;;;;;Verdacht auf Überanstrengung während der Arbeit;Verdacht auf Überanstrengung während der Arbeit;Verdacht auf Überanstrengung während der Arbeit;Verdacht auf Überanstrengung während der Arbeit;Verdacht auf Überanstrengung während der Arbeit;Verdacht auf Überanstrengung während der Arbeit;Verdacht auf Überanstrengung während der Arbeit;Verdacht auf Überanstrengung während der Arbeit;Verdacht auf Überanstrengung während der Arbeit;Verdacht auf Überanstrengung während der Arbeit;Verdacht auf Überanstrengung während der Arbeit;Verdacht auf Überanstrengung während der Arbeit;Verdacht auf Überanstrengung während der Arbeit;Verdacht auf Überanstrengung während der Arbeit;Verdacht auf Überanstrengung während der Arbeit;Verdacht auf Überanstrengung während der Arbeit;Verdacht auf Überanstrengung während der Arbeit;;;;;;;;;;;;;;;;;;;;;;;;Z;akys6l76AcF3SY49J258gFtqWtKOr2XTYsYZy1wQtIlEp6W9stc5To4d3UFaSxSBHB8uYaYfeDMMt12v7w71O4ZOu43Ey3Ol9u104ZB77I4a71QCrL6PB6nrn83R7IaNk7qR8b07l9SoT51QUlB2kGHFTOqeOYAA0H7WCe7b9jbwq8czq5huN6u6Io216Qm3YKi9ehh0I3EpWBi9T7Sh8V98K382t8g69f4VX5E4OL7nbreUxizcg3NVN3rJ4Yy1OrZQlZj1Y1b0I5XV8xxMoI4yITy4S0z88vEOS3S1C1R1JBhZV1WFy0v8BWaJq1kg25WUz4AUNRs3YXGL9okUQ8ys4g1L64Q4V59y52IM7eDBLD9WT9HHV4es6RalG6Vc2u7t4qa3V5RlvK8q06EJrN3J75dNIg4GBWmi7x44D4iaR03422pRwBQX5a0E4D87GwXUPVvX3qD1w34BpEnHcNT3mvo3q5fE5347qKuySUR1120TIUY4;;Verdacht auf Überanstrengung während der Arbeit;Verdacht auf Überanstrengung während der Arbeit;akys6l76AcF3SY49J258gFtqWtKOr2XTYsYZy1wQtIlEp6W9stc5To4d3UFaSxSBHB8uYaYfeDMMt12v7w71O4ZOu43Ey3Ol9u104ZB77I4a71QCrL6PB6nrn83R7IaNk7qR8b07l9SoT51QUlB2kGHFTOqeOYAA0H7WCe7b9jbwq8czq5huN6u6Io216Qm3YKi9ehh0I3EpWBi9T7Sh8V98K382t8g69f4VX5E4OL7nbreUxizcg3NVN3rJ4Yy1OrZQlZj1Y1b0I5XV8xxMoI4yITy4S0z88vEOS3S1C1R1JBhZV1WFy0v8BWaJq1kg25WUz4AUNRs3YXGL9okUQ8ys4g1L64Q4V59y52IM7eDBLD9WT9HHV4es6RalG6Vc2u7t4qa3V5RlvK8q06EJrN3J75dNIg4GBWmi7x44D4iaR03422pRwBQX5a0E4D87GwXUPVvX3qD1w34BpEnHcNT3mvo3q5fE5347qKuySUR1120TIUY41;;;NIcht erlaubt
Vorraussichtlicher_Geburtstermin;;;;;in 10 Wochen;in 10 Wochen;in 10 Wochen;in 10 Wochen;in 10 Wochen;leer;null;in Vergangenheit;falsches Format;in 8 Wochen ;in 24 Wochen_Grund ab der 16. Woche;in 24 Wochen_Grund ab der 16. Woche;in 24 Wochen_Grund ab der 16. Woche;in 24 Wochen_Grund ab der 16. Woche;in 10 Wochen;in 10 Wochen;in 10 Wochen;in 10 Wochen;in 10 Wochen;in 10 Wochen;in 10 Wochen;in 10 Wochen;in 10 Wochen;in 10 Wochen;in 10 Wochen;in 10 Wochen;in 10 Wochen;in 10 Wochen;in 10 Wochen;in 10 Wochen;in 10 Wochen;in 10 Wochen;in 40 Wochen;in 40 Wochen;in 40 Wochen;in 40 Wochen;in 40 Wochen;in 40 Wochen;in 40 Wochen;in 40 Wochen;in 40 Wochen;in 40 Wochen;in 40 Wochen;in 40 Wochen;in 40 Wochen;in 40 Wochen;in 40 Wochen;in 40 Wochen;in 40 Wochen;in 10 Wochen;in 10 Wochen;in 10 Wochen;in 10 Wochen;in 10 Wochen;in 10 Wochen;in 10 Wochen;in 10 Wochen;in 10 Wochen;in 10 Wochen;in 10 Wochen;in 10 Wochen;in 10 Wochen;in 10 Wochen;in 10 Wochen;in 10 Wochen;in 10 Wochen;in 25 Wochen und 7 Tagen_Max-Vordatierung;in 25 Wochen und 7 Tagen_Max-Vordatierung;in 25 Wochen und 7 Tagen_Max-Vordatierung;in 25 Wochen und 7 Tagen_Max-Vordatierung;in 25 Wochen und 7 Tagen_Max-Vordatierung;in 25 Wochen und 7 Tagen_Max-Vordatierung;in 25 Wochen und 7 Tagen_Max-Vordatierung;in 25 Wochen und 7 Tagen_Max-Vordatierung;in 25 Wochen und 7 Tagen_Max-Vordatierung;in 25 Wochen und 7 Tagen_Max-Vordatierung;in 25 Wochen und 7 Tagen_Max-Vordatierung;in 25 Wochen und 7 Tagen_Max-Vordatierung;in 25 Wochen und 7 Tagen_Max-Vordatierung;in 25 Wochen und 7 Tagen_Max-Vordatierung;in 25 Wochen und 7 Tagen_Max-Vordatierung;in 25 Wochen und 7 Tagen_Max-Vordatierung;in 25 Wochen und 7 Tagen_Max-Vordatierung;in 24 Wochen_Grund ab der 16. Woche;in 24 Wochen_Grund ab der 16. Woche;in 24 Wochen_Grund ab der 16. Woche;in 24 Wochen_Grund ab der 16. Woche;in 24 Wochen_Grund ab der 16. Woche;in 24 Wochen_Grund ab der 16. Woche;in 24 Wochen_Grund ab der 16. Woche;in 24 Wochen_Grund ab der 16. Woche;in 24 Wochen_Grund ab der 16. Woche;in 24 Wochen_Grund ab der 16. Woche;in 24 Wochen_Grund ab der 16. Woche;in 24 Wochen_Grund ab der 16. Woche;in 24 Wochen_Grund ab der 16. Woche;in 24 Wochen_Grund ab der 16. Woche;in 24 Wochen_Grund ab der 16. Woche;in 24 Wochen_Grund ab der 16. Woche;in 24 Wochen_Grund ab der 16. Woche;in 24 Wochen_Grund ab der 16. Woche;in 24 Wochen_Grund ab der 16. Woche;in 24 Wochen_Grund ab der 16. Woche;in 24 Wochen_Grund ab der 16. Woche;in 40 Wochen;in 40 Wochen;in 25 Wochen und 7 Tagen_Max-Vordatierung;in 25 Wochen und 7 Tagen_Max-Vordatierung;in 10 Wochen;in 25 Wochen und 7 Tagen_Max-Vordatierung;in 24 Wochen_Grund ab der 16. Woche;in 25 Wochen und 7 Tagen_Max-Vordatierung;in 25 Wochen und 7 Tagen_Max-Vordatierung;in 10 Wochen;in 10 Wochen
Adresse_Patientin;;;;;Adresse_gültig;Adresse_gültig;Adresse_gültig;Adresse_gültig;Adresse_gültig;Adresse_gültig;Adresse_gültig;Adresse_gültig;Adresse_gültig;Adresse_gültig;Ort_leer;Ort_null;PLZ_leer;PLZ_null;Adresse_gültig;Adresse_gültig;Adresse_gültig;Adresse_gültig;Adresse_gültig;Adresse_gültig;Adresse_gültig;Adresse_gültig;Adresse_gültig;Adresse_gültig;Adresse_gültig;Adresse_gültig;Adresse_gültig;Adresse_gültig;Adresse_gültig;Adresse_gültig;Adresse_gültig;Adresse_gültig;Adresse_gültig;Adresse_gültig;Adresse_gültig;Adresse_gültig;Adresse_gültig;Adresse_gültig;Adresse_gültig;Adresse_gültig;Adresse_gültig;Adresse_gültig;Adresse_gültig;Adresse_gültig;Adresse_gültig;Adresse_gültig;Adresse_gültig;Adresse_gültig;Adresse_gültig;Adresse_gültig;Adresse_gültig;Adresse_gültig;Adresse_gültig;Adresse_gültig;Adresse_gültig;Adresse_gültig;Adresse_gültig;Adresse_gültig;Adresse_gültig;Adresse_gültig;Adresse_gültig;Adresse_gültig;Adresse_gültig;Adresse_gültig;Adresse_gültig;Adresse_gültig;Adresse_gültig;Adresse_gültig;Adresse_gültig;Adresse_gültig;Adresse_gültig;Adresse_gültig;Adresse_gültig;Adresse_gültig;Adresse_gültig;Adresse_gültig;Adresse_gültig;Adresse_gültig;Adresse_gültig;Adresse_gültig;Adresse_gültig;Adresse_gültig;Adresse_gültig;Adresse_gültig;Adresse_gültig;Adresse_gültig;Adresse_gültig;Adresse_gültig;Adresse_gültig;Adresse_gültig;Adresse_gültig;Adresse_gültig;Adresse_gültig;Adresse_gültig;Adresse_gültig;Adresse_gültig;Adresse_gültig;Adresse_gültig;Adresse_gültig;Adresse_gültig;Adresse_gültig;Adresse_gültig;Adresse_gültig;Adresse_max;Adresse_gültig;Adresse_gültig;Adresse_gültig;Adresse_gültig;Adresse_gültig;Adresse_gültig;Adresse_gültig;Adresse_gültig;Adresse_gültig;Adresse_gültig;Adresse_gültig
Dauer;;;;;;;;;;1;1;1;1;1;1;1;1;1;1;1;2;1;2;1;2;1;2;1;2;1;2;1;2;1;2;1;1;2;3;4;5;6;7;8;9;10;11;12;13;14;15;16;17;1;2;1;2;1;2;1;2;1;2;1;2;1;2;1;2;1;1;2;3;3;3;3;3;3;3;3;3;3;3;3;3;3;3;;;;;;;;;;;;;;;;;;;;;;;;;;3;3;;;;1;1
KzDauerBisAbsolut;;;;;true;true;true;true;true;false;false;false;false;false;false;false;false;false;false;false;false;false;false;false;false;false;false;false;false;false;false;false;false;false;false;false;false;false;false;false;false;false;false;false;false;false;false;false;false;false;false;false;false;false;false;false;false;false;false;false;false;false;false;false;false;false;false;false;false;false;false;false;false;false;false;false;false;false;false;false;false;false;false;false;false;false;false;true;true;true;true;true;true;true;true;true;true;true;true;true;true;true;true;true;true;true;true;true;true;true;true;true;false;false;true;true;true;false;false
Zusatzbegruendung;;;;;;;;;;;;;;;;;;;;;;;;;;;;;;;;;;;;;Verdacht auf Überanstrengung während der Arbeit;Verdacht auf Überanstrengung während der Arbeit;Verdacht auf Überanstrengung während der Arbeit;Verdacht auf Überanstrengung während der Arbeit;Verdacht auf Überanstrengung während der Arbeit;Verdacht auf Überanstrengung während der Arbeit;Verdacht auf Überanstrengung während der Arbeit;Verdacht auf Überanstrengung während der Arbeit;Verdacht auf Überanstrengung während der Arbeit;Verdacht auf Überanstrengung während der Arbeit;Verdacht auf Überanstrengung während der Arbeit;Verdacht auf Überanstrengung während der Arbeit;Verdacht auf Überanstrengung während der Arbeit;Verdacht auf Überanstrengung während der Arbeit;Verdacht auf Überanstrengung während der Arbeit;Verdacht auf Überanstrengung während der Arbeit;Verdacht auf Überanstrengung während der Arbeit;;;;;;;;;;;;;;;;;;;;;;;;;;;;;;;;;;;;;;;;;;;;;;;;;;;;;;;;A;akys6l76AcF3SY49J258gFtqWtKOr2XTYsYZy1wQtIlEp6W9stc5To4d3UFaSxSBHB8uYaYfeDMMt12v7w71O4ZOu43Ey3Ol9u104ZB77I4a71QCrL6PB6nrn83R7IaNk7qR8b07l9SoT51QUlB2kGHFTOqeOYAA0H7WCe7b9jbwq8czq5huN6u6Io216Qm3YKi9ehh0I3EpWBi9T7Sh8V98K382t8g69f4VX5E4OL7nbreUxizcg3NVN3rJ4Yy1OrZQlZj1Y1b0I5XV8xxMoI4yITy4S0z88vEOS3S1C1R1JBhZV1WFy0v8BWaJq1kg25WUz4AUNRs3YXGL9okUQ8ys4g1L64Q4V59y52IM7eDBLD9WT9HHV4es6RalG6Vc2u7t4qa3V5RlvK8q06EJrN3J75dNIg4GBWmi7x44D4iaR03422pRwBQX5a0E4D87GwXUPVvX3qD1w34BpEnHcNT3mvo3q5fE5347qKuySUR1120TIUY4;;;;Hier haben wir auch noch etwas;;;;;
BeginnIndividuellesBeschaeftigungsverbot_Response;;;;;;;;;;;;;;;;;;;;;;;;;;;;;;;;;;;;;;;;;;;;;;;;;;;;;;;;;;;;;;;;;;;;;;;{DATE[][+7d][]};{DATE[][+7d][]};{DATE[][+7d][]};{DATE[][+7d][]};{DATE[][+7d][]};{DATE[][+7d][]};{DATE[][+7d][]};{DATE[][+7d][]};{DATE[][+7d][]};{DATE[][+7d][]};{DATE[][+7d][]};{DATE[][+7d][]};{DATE[][+7d][]};{DATE[][+7d][]};{DATE[][+7d][]};{DATE[][+7d][]};{DATE[][+7d][]};;;;;;;;;;;;;;;;;;;;;;;;;;;;;;;;
MuhiException;;;;;;;;;;ZS-3300011;ZS-3300011;ZS-3300014;ZS-3300013;ZS-3301210;ZS-3301111;ZS-3301111;ZS-3301121;ZS-3301121;;;;;;;;;;;;;;;;;;;;;;;;;;ZS-3301255;;;;;;ZS-3301255;;;;;;;;;;;;;;;;;;;;;ZS-3301256;ZS-3301256;;ZS-3301256;;;;ZS-3301256;ZS-3301256;ZS-3301256;;ZS-3301256;;ZS-3301256;ZS-3301256;ZS-3301256;;;;;;;;;ZS-3301255;;;;;;ZS-3301255;;;;;ZS-3300003;;;;;;;;ZS-3301265;ZS-3301215;ZS-3301223;ZS-3301221;ZS-3301254;ZS-3301225
DialogException;CL-01085;CL-01085;CL-01085;CL-01085;ZS-00168_ecard;ZS-00174;ZS-00174;ZS-00174;ZS-00166_ecard;;;;;;;;;;;;;;;;;;;;;;;;;;;;;;;;;;;;;;;;;;;;;;;;;;;;;;;;;;;;;;;;;;;;;;;;;;;;;;;;;;;;;;;;;;;;;;;;;;;;;;;;;;;;;;
AccessException;;;;;;;;;;;;;;;;;;;;;;;;;;;;;;;;;;;;;;;;;;;;;;;;;;;;;;;;;;;;;;;;;;;;;;;;;;;;;;;;;;;;;;;;;;;;;;;;;;;;;;;;;;;;;;;;;;;;;;;
CardException;;;;;;;;;;;;;;;;;;;;;;;;;;;;;;;;;;;;;;;;;;;;;;;;;;;;;;;;;;;;;;;;;;;;;;;;;;;;;;;;;;;;;;;;;;;;;;;;;;;;;;;;;;;;;;;;;;;;;;;
DialogException.Information;Die angegebene Dialog Id ist ungültig. Hinweis: Diese Exception tritt in folgenden Fällen auf: Eine Zeitüberschreitung wurde am Client erkannt und das Erkennen liegt schon zu lange zurück. Ein unerwarteter Fehler beim Zugiff auf den Dialog (auch falsche DialogId). Der Dialog wurde ohne Failover-Kennzeichen aufgebaut, aber im möglichen Failover-Fall wird erkannt, dass die Funktion mit Failover-Information (TransaktionsId im Header) aufgerufen wurde.;Die angegebene Dialog Id ist ungültig. Hinweis: Diese Exception tritt in folgenden Fällen auf: Eine Zeitüberschreitung wurde am Client erkannt und das Erkennen liegt schon zu lange zurück. Ein unerwarteter Fehler beim Zugiff auf den Dialog (auch falsche DialogId). Der Dialog wurde ohne Failover-Kennzeichen aufgebaut, aber im möglichen Failover-Fall wird erkannt, dass die Funktion mit Failover-Information (TransaktionsId im Header) aufgerufen wurde.;Die angegebene Dialog Id ist ungültig. Hinweis: Diese Exception tritt in folgenden Fällen auf: Eine Zeitüberschreitung wurde am Client erkannt und das Erkennen liegt schon zu lange zurück. Ein unerwarteter Fehler beim Zugiff auf den Dialog (auch falsche DialogId). Der Dialog wurde ohne Failover-Kennzeichen aufgebaut, aber im möglichen Failover-Fall wird erkannt, dass die Funktion mit Failover-Information (TransaktionsId im Header) aufgerufen wurde.;Die angegebene Dialog Id ist ungültig. Hinweis: Diese Exception tritt in folgenden Fällen auf: Eine Zeitüberschreitung wurde am Client erkannt und das Erkennen liegt schon zu lange zurück. Ein unerwarteter Fehler beim Zugiff auf den Dialog (auch falsche DialogId). Der Dialog wurde ohne Failover-Kennzeichen aufgebaut, aber im möglichen Failover-Fall wird erkannt, dass die Funktion mit Failover-Information (TransaktionsId im Header) aufgerufen wurde.;e-CardToken ist gehört einem anderen Vertragspartner;Der Tokentyp (ocard) ist nicht erlaubt;Der Tokentyp (ocard) ist nicht erlaubt;Der Tokentyp (ocard) ist nicht erlaubt;e-CardToken ist abgelaufen;;;;;;;;;;;;;;;;;;;;;;;;;;;;;;;;;;;;;;;;;;;;;;;;;;;;;;;;;;;;;;;;;;;;;;;;;;;;;;;;;;;;;;;;;;;;;;;;;;;;;;;;;;;;;;
DialogException.InfoText;Der Dialog ist ungültig. Bitte melden Sie sich erneut an.;Der Dialog ist ungültig. Bitte melden Sie sich erneut an.;Der Dialog ist ungültig. Bitte melden Sie sich erneut an.;Der Dialog ist ungültig. Bitte melden Sie sich erneut an.;Das angegebene e-card-Token ist einem anderen Vertragspartner zugeordnet.;Die Verwendung dieser Funktion mit einer Admin-Karte ist nicht zulässig.;Die Verwendung dieser Funktion mit einer Admin-Karte ist nicht zulässig.;Die Verwendung dieser Funktion mit einer Admin-Karte ist nicht zulässig.;Das angegebene e-card-Token ist für diese Anwendung nicht mehr gültig.;;;;;;;;;;;;;;;;;;;;;;;;;;;;;;;;;;;;;;;;;;;;;;;;;;;;;;;;;;;;;;;;;;;;;;;;;;;;;;;;;;;;;;;;;;;;;;;;;;;;;;;;;;;;;;
DialogException.InfoCode;CL-01085;CL-01085;CL-01085;CL-01085;ZS-00168;ZS-00174;ZS-00174;ZS-00174;ZS-00166;;;;;;;;;;;;;;;;;;;;;;;;;;;;;;;;;;;;;;;;;;;;;;;;;;;;;;;;;;;;;;;;;;;;;;;;;;;;;;;;;;;;;;;;;;;;;;;;;;;;;;;;;;;;;;
DialogException.ExceptionCode;1;1;1;1;66;67;67;67;64;;;;;;;;;;;;;;;;;;;;;;;;;;;;;;;;;;;;;;;;;;;;;;;;;;;;;;;;;;;;;;;;;;;;;;;;;;;;;;;;;;;;;;;;;;;;;;;;;;;;;;;;;;;;;;
DialogException.ExceptionTyp;DIALOG_INVALID;DIALOG_INVALID;DIALOG_INVALID;DIALOG_INVALID;CARDTOKEN_VPNR_MISMATCH;CARDTOKEN_TYPE_NOT_ALLOWED;CARDTOKEN_TYPE_NOT_ALLOWED;CARDTOKEN_TYPE_NOT_ALLOWED;CARDTOKEN_EXPIRED;;;;;;;;;;;;;;;;;;;;;;;;;;;;;;;;;;;;;;;;;;;;;;;;;;;;;;;;;;;;;;;;;;;;;;;;;;;;;;;;;;;;;;;;;;;;;;;;;;;;;;;;;;;;;;
DialogException.ExceptionName;DialogException;DialogException;DialogException;DialogException;DialogException;DialogException;DialogException;DialogException;DialogException;;;;;;;;;;;;;;;;;;;;;;;;;;;;;;;;;;;;;;;;;;;;;;;;;;;;;;;;;;;;;;;;;;;;;;;;;;;;;;;;;;;;;;;;;;;;;;;;;;;;;;;;;;;;;;
DialogException.Release;;;;;20a;20a;20a;20a;20a;;;;;;;;;;;;;;;;;;;;;;;;;;;;;;;;;;;;;;;;;;;;;;;;;;;;;;;;;;;;;;;;;;;;;;;;;;;;;;;;;;;;;;;;;;;;;;;;;;;;;;;;;;;;;;
Vorraussichtlicher_Geburtstermin.Datum;;;;;{DATE[][+70d][]};{DATE[][+70d][]};{DATE[][+70d][]};{DATE[][+70d][]};{DATE[][+70d][]};{EMPTY};{NULL};{DATE[][-1d][]};aa.bb.cccc;{DATE[][+56d][]};{DATE[][+168d][]};{DATE[][+168d][]};{DATE[][+168d][]};{DATE[][+168d][]};{DATE[][+70d][]};{DATE[][+70d][]};{DATE[][+70d][]};{DATE[][+70d][]};{DATE[][+70d][]};{DATE[][+70d][]};{DATE[][+70d][]};{DATE[][+70d][]};{DATE[][+70d][]};{DATE[][+70d][]};{DATE[][+70d][]};{DATE[][+70d][]};{DATE[][+70d][]};{DATE[][+70d][]};{DATE[][+70d][]};{DATE[][+70d][]};{DATE[][+70d][]};{DATE[][+70d][]};{DATE[][+280d][]};{DATE[][+280d][]};{DATE[][+280d][]};{DATE[][+280d][]};{DATE[][+280d][]};{DATE[][+280d][]};{DATE[][+280d][]};{DATE[][+280d][]};{DATE[][+280d][]};{DATE[][+280d][]};{DATE[][+280d][]};{DATE[][+280d][]};{DATE[][+280d][]};{DATE[][+280d][]};{DATE[][+280d][]};{DATE[][+280d][]};{DATE[][+280d][]};{DATE[][+70d][]};{DATE[][+70d][]};{DATE[][+70d][]};{DATE[][+70d][]};{DATE[][+70d][]};{DATE[][+70d][]};{DATE[][+70d][]};{DATE[][+70d][]};{DATE[][+70d][]};{DATE[][+70d][]};{DATE[][+70d][]};{DATE[][+70d][]};{DATE[][+70d][]};{DATE[][+70d][]};{DATE[][+70d][]};{DATE[][+70d][]};{DATE[][+70d][]};{DATE[][+182d][]};{DATE[][+182d][]};{DATE[][+182d][]};{DATE[][+182d][]};{DATE[][+182d][]};{DATE[][+182d][]};{DATE[][+182d][]};{DATE[][+182d][]};{DATE[][+182d][]};{DATE[][+182d][]};{DATE[][+182d][]};{DATE[][+182d][]};{DATE[][+182d][]};{DATE[][+182d][]};{DATE[][+182d][]};{DATE[][+182d][]};{DATE[][+182d][]};{DATE[][+168d][]};{DATE[][+168d][]};{DATE[][+168d][]};{DATE[][+168d][]};{DATE[][+168d][]};{DATE[][+168d][]};{DATE[][+168d][]};{DATE[][+168d][]};{DATE[][+168d][]};{DATE[][+168d][]};{DATE[][+168d][]};{DATE[][+168d][]};{DATE[][+168d][]};{DATE[][+168d][]};{DATE[][+168d][]};{DATE[][+168d][]};{DATE[][+168d][]};{DATE[][+168d][]};{DATE[][+168d][]};{DATE[][+168d][]};{DATE[][+168d][]};{DATE[][+280d][]};{DATE[][+280d][]};{DATE[][+182d][]};{DATE[][+182d][]};{DATE[][+70d][]};{DATE[][+182d][]};{DATE[][+168d][]};{DATE[][+182d][]};{DATE[][+182d][]};{DATE[][+70d][]};{DATE[][+70d][]}
Vorraussichtlicher_Geburtstermin.Schwangerschaftswoche;;;;;31;31;31;31;31;;;;;;17;17;17;17;31;31;31;31;31;31;31;31;31;31;31;31;31;31;31;31;31;31;1;1;1;1;1;1;1;1;1;1;1;1;1;1;1;1;1;31;31;31;31;31;31;31;31;31;31;31;31;31;31;31;31;31;15;15;15;15;15;15;15;15;15;15;15;15;15;15;15;15;15;17;17;17;17;17;17;17;17;17;17;17;17;17;17;17;17;17;17;17;17;17;1;1;15;15;31;15;17;15;15;31;31
Vorraussichtlicher_Geburtstermin.DatumfuermanuelleTFaltesFormat;;;;;{DATE+70d};{DATE+70d};{DATE+70d};{DATE+70d};{DATE+70d};{EMPTY};{NULL};{DATE-1d};;{DATE+56d};{DATE+168d};{DATE+168d};{DATE+168d};{DATE+168d};{DATE+70d};{DATE+70d};{DATE+70d};{DATE+70d};{DATE+70d};{DATE+70d};{DATE+70d};{DATE+70d};{DATE+70d};{DATE+70d};{DATE+70d};{DATE+70d};{DATE+70d};{DATE+70d};{DATE+70d};{DATE+70d};{DATE+70d};{DATE+70d};{DATE+280d};{DATE+280d};{DATE+280d};{DATE+280d};{DATE+280d};{DATE+280d};{DATE+280d};{DATE+280d};{DATE+280d};{DATE+280d};{DATE+280d};{DATE+280d};{DATE+280d};{DATE+280d};{DATE+280d};{DATE+280d};{DATE+280d};{DATE+70d};{DATE+70d};{DATE+70d};{DATE+70d};{DATE+70d};{DATE+70d};{DATE+70d};{DATE+70d};{DATE+70d};{DATE+70d};{DATE+70d};{DATE+70d};{DATE+70d};{DATE+70d};{DATE+70d};{DATE+70d};{DATE+70d};{DATE+182d};{DATE+182d};{DATE+182d};{DATE+182d};{DATE+182d};{DATE+182d};{DATE+182d};{DATE+182d};{DATE+182d};{DATE+182d};{DATE+182d};{DATE+182d};{DATE+182d};{DATE+182d};{DATE+182d};{DATE+182d};{DATE+182d};{DATE+168d};{DATE+168d};{DATE+168d};{DATE+168d};{DATE+168d};{DATE+168d};{DATE+168d};{DATE+168d};{DATE+168d};{DATE+168d};{DATE+168d};{DATE+168d};{DATE+168d};{DATE+168d};{DATE+168d};{DATE+168d};{DATE+168d};{DATE+168d};{DATE+168d};{DATE+168d};{DATE+168d};{DATE+280d};{DATE+280d};{DATE+182d};{DATE+182d};{DATE+70d};{DATE+182d};{DATE+168d};{DATE+182d};{DATE+182d};{DATE+70d};{DATE+70d}
Adresse_Patientin.Ort;;;;;Wien;Wien;Wien;Wien;Wien;Wien;Wien;Wien;Wien;Wien;{EMPTY};{NULL};Testort;Testort;Wien;Wien;Wien;Wien;Wien;Wien;Wien;Wien;Wien;Wien;Wien;Wien;Wien;Wien;Wien;Wien;Wien;Wien;Wien;Wien;Wien;Wien;Wien;Wien;Wien;Wien;Wien;Wien;Wien;Wien;Wien;Wien;Wien;Wien;Wien;Wien;Wien;Wien;Wien;Wien;Wien;Wien;Wien;Wien;Wien;Wien;Wien;Wien;Wien;Wien;Wien;Wien;Wien;Wien;Wien;Wien;Wien;Wien;Wien;Wien;Wien;Wien;Wien;Wien;Wien;Wien;Wien;Wien;Wien;Wien;Wien;Wien;Wien;Wien;Wien;Wien;Wien;Wien;Wien;Wien;Wien;Wien;Wien;Wien;Wien;Wien;Wien;Wien;Wien;qwertzuiopüasdfghjklöä1234567890ßyxcvbnm;Wien;Wien;Wien;Wien;Wien;Wien;Wien;Wien;Wien;Wien;Wien
Adresse_Patientin.Postleitzahl;;;;;1010;1010;1010;1010;1010;1010;1010;1010;1010;1010;TestPLZ;TestPLZ;{EMPTY};{NULL};1010;1010;1010;1010;1010;1010;1010;1010;1010;1010;1010;1010;1010;1010;1010;1010;1010;1010;1010;1010;1010;1010;1010;1010;1010;1010;1010;1010;1010;1010;1010;1010;1010;1010;1010;1010;1010;1010;1010;1010;1010;1010;1010;1010;1010;1010;1010;1010;1010;1010;1010;1010;1010;1010;1010;1010;1010;1010;1010;1010;1010;1010;1010;1010;1010;1010;1010;1010;1010;1010;1010;1010;1010;1010;1010;1010;1010;1010;1010;1010;1010;1010;1010;1010;1010;1010;1010;1010;1010;123456789;1010;1010;1010;1010;1010;1010;1010;1010;1010;1010;1010
Adresse_Patientin.Staatencode;;;;;AUT;AUT;AUT;AUT;AUT;AUT;AUT;AUT;AUT;AUT;AUT;AUT;AUT;AUT;AUT;AUT;AUT;AUT;AUT;AUT;AUT;AUT;AUT;AUT;AUT;AUT;AUT;AUT;AUT;AUT;AUT;AUT;AUT;AUT;AUT;AUT;AUT;AUT;AUT;AUT;AUT;AUT;AUT;AUT;AUT;AUT;AUT;AUT;AUT;AUT;AUT;AUT;AUT;AUT;AUT;AUT;AUT;AUT;AUT;AUT;AUT;AUT;AUT;AUT;AUT;AUT;AUT;AUT;AUT;AUT;AUT;AUT;AUT;AUT;AUT;AUT;AUT;AUT;AUT;AUT;AUT;AUT;AUT;AUT;AUT;AUT;AUT;AUT;AUT;AUT;AUT;AUT;AUT;AUT;AUT;AUT;AUT;AUT;AUT;AUT;AUT;AUT;AUT;AUT;AUT;AUT;AUT;AUT;AUT;AUT;AUT;AUT;AUT;AUT;AUT
Adresse_Patientin.Strasse;;;;;Stephansplatz 1;Stephansplatz 1;Stephansplatz 1;Stephansplatz 1;Stephansplatz 1;Stephansplatz 1;Stephansplatz 1;Stephansplatz 1;Stephansplatz 1;Stephansplatz 1;Teststraße;Teststraße;Teststraße;Teststraße;Stephansplatz 1;Stephansplatz 1;Stephansplatz 1;Stephansplatz 1;Stephansplatz 1;Stephansplatz 1;Stephansplatz 1;Stephansplatz 1;Stephansplatz 1;Stephansplatz 1;Stephansplatz 1;Stephansplatz 1;Stephansplatz 1;Stephansplatz 1;Stephansplatz 1;Stephansplatz 1;Stephansplatz 1;Stephansplatz 1;Stephansplatz 1;Stephansplatz 1;Stephansplatz 1;Stephansplatz 1;Stephansplatz 1;Stephansplatz 1;Stephansplatz 1;Stephansplatz 1;Stephansplatz 1;Stephansplatz 1;Stephansplatz 1;Stephansplatz 1;Stephansplatz 1;Stephansplatz 1;Stephansplatz 1;Stephansplatz 1;Stephansplatz 1;Stephansplatz 1;Stephansplatz 1;Stephansplatz 1;Stephansplatz 1;Stephansplatz 1;Stephansplatz 1;Stephansplatz 1;Stephansplatz 1;Stephansplatz 1;Stephansplatz 1;Stephansplatz 1;Stephansplatz 1;Stephansplatz 1;Stephansplatz 1;Stephansplatz 1;Stephansplatz 1;Stephansplatz 1;Stephansplatz 1;Stephansplatz 1;Stephansplatz 1;Stephansplatz 1;Stephansplatz 1;Stephansplatz 1;Stephansplatz 1;Stephansplatz 1;Stephansplatz 1;Stephansplatz 1;Stephansplatz 1;Stephansplatz 1;Stephansplatz 1;Stephansplatz 1;Stephansplatz 1;Stephansplatz 1;Stephansplatz 1;Stephansplatz 1;Stephansplatz 1;Stephansplatz 1;Stephansplatz 1;Stephansplatz 1;Stephansplatz 1;Stephansplatz 1;Stephansplatz 1;Stephansplatz 1;Stephansplatz 1;Stephansplatz 1;Stephansplatz 1;Stephansplatz 1;Stephansplatz 1;Stephansplatz 1;Stephansplatz 1;Stephansplatz 1;Stephansplatz 1;Stephansplatz 1;Stephansplatz 1;qwertzuiopüasdfghjklöä1234567890ßyxcvbnm1234567890;Stephansplatz 1;Stephansplatz 1;Stephansplatz 1;Stephansplatz 1;Stephansplatz 1;Stephansplatz 1;Stephansplatz 1;Stephansplatz 1;Stephansplatz 1;Stephansplatz 1;Stephansplatz 1
Adresse_Patientin.Staatencode_GUI;;;;;Österreich;Österreich;Österreich;Österreich;Österreich;Österreich;Österreich;Österreich;Österreich;Österreich;Österreich;Österreich;Österreich;Österreich;Österreich;Österreich;Österreich;Österreich;Österreich;Österreich;Österreich;Österreich;Österreich;Österreich;Österreich;Österreich;Österreich;Österreich;Österreich;Österreich;Österreich;Österreich;Österreich;Österreich;Österreich;Österreich;Österreich;Österreich;Österreich;Österreich;Österreich;Österreich;Österreich;Österreich;Österreich;Österreich;Österreich;Österreich;Österreich;Österreich;Österreich;Österreich;Österreich;Österreich;Österreich;Österreich;Österreich;Österreich;Österreich;Österreich;Österreich;Österreich;Österreich;Österreich;Österreich;Österreich;Österreich;Österreich;Österreich;Österreich;Österreich;Österreich;Österreich;Österreich;Österreich;Österreich;Österreich;Österreich;Österreich;Österreich;Österreich;Österreich;Österreich;Österreich;Österreich;Österreich;Österreich;Österreich;Österreich;Österreich;Österreich;Österreich;Österreich;Österreich;Österreich;Österreich;Österreich;Österreich;Österreich;Österreich;Österreich;Österreich;Österreich;Österreich;Österreich;Österreich;Österreich;Österreich;Österreich;Österreich;Österreich;Österreich;Österreich;Österreich;Österreich
Begruendung.Begruendung_kurz;;;;;IG_01;IG_01;IG_01;IG_01;IG_01;IG_01;IG_01;IG_01;IG_01;IG_01;IG_01;IG_01;IG_01;IG_01;IG_01;IG_01;IG_02;IG_03;IG_04;IG_05;IG_06;IG_07;IG_08;IG_09;IG_10;IG_11;IG_12;IG_13;IG_14;IG_15;IG_16;IG_17;IG_01;IG_02;IG_03;IG_04;IG_05;IG_06;IG_07;IG_08;IG_09;IG_10;IG_11;IG_11;IG_13;IG_14;IG_15;IG_16;IG_17;IG_01;IG_02;IG_03;IG_04;IG_05;IG_06;IG_07;IG_08;IG_09;IG_10;IG_11;IG_12;IG_13;IG_14;IG_15;IG_16;IG_17;IG_01;IG_02;IG_03;IG_04;IG_05;IG_06;IG_07;IG_08;IG_09;IG_10;IG_11;IG_12;IG_13;IG_14;IG_15;IG_16;IG_17;IG_01;IG_02;IG_03;IG_04;IG_05;IG_06;IG_07;IG_08;IG_09;IG_10;IG_11;IG_12;IG_13;IG_14;IG_15;IG_16;IG_17;IG_17;IG_17;IG_17;IG_17;IG_17;IG_17;IG_03;IG_03;IG_17;IG_07;IG_03;IG_03;IG_03;ÎG;IG_01
Begruendung.Begruendung_lang;;;;;Anämie mit Hämoglobin im Blut < 8,5 g/dl mit zusätzlicher kardiopulmonaler Symptomatik;Anämie mit Hämoglobin im Blut < 8,5 g/dl mit zusätzlicher kardiopulmonaler Symptomatik;Anämie mit Hämoglobin im Blut < 8,5 g/dl mit zusätzlicher kardiopulmonaler Symptomatik;Anämie mit Hämoglobin im Blut < 8,5 g/dl mit zusätzlicher kardiopulmonaler Symptomatik;Anämie mit Hämoglobin im Blut < 8,5 g/dl mit zusätzlicher kardiopulmonaler Symptomatik;Anämie mit Hämoglobin im Blut < 8,5 g/dl mit zusätzlicher kardiopulmonaler Symptomatik;Anämie mit Hämoglobin im Blut < 8,5 g/dl mit zusätzlicher kardiopulmonaler Symptomatik;Anämie mit Hämoglobin im Blut < 8,5 g/dl mit zusätzlicher kardiopulmonaler Symptomatik;Anämie mit Hämoglobin im Blut < 8,5 g/dl mit zusätzlicher kardiopulmonaler Symptomatik;Anämie mit Hämoglobin im Blut < 8,5 g/dl mit zusätzlicher kardiopulmonaler Symptomatik;Anämie mit Hämoglobin im Blut < 8,5 g/dl mit zusätzlicher kardiopulmonaler Symptomatik;Anämie mit Hämoglobin im Blut < 8,5 g/dl mit zusätzlicher kardiopulmonaler Symptomatik;Anämie mit Hämoglobin im Blut < 8,5 g/dl mit zusätzlicher kardiopulmonaler Symptomatik;Anämie mit Hämoglobin im Blut < 8,5 g/dl mit zusätzlicher kardiopulmonaler Symptomatik;Anämie mit Hämoglobin im Blut < 8,5 g/dl mit zusätzlicher kardiopulmonaler Symptomatik;Anämie mit Hämoglobin im Blut < 8,5 g/dl mit zusätzlicher kardiopulmonaler Symptomatik;Auffälligkeiten im pränatalen Ultraschall mit drohendem Risiko einer Frühgeburt unter laufender Therapie (zB Polyhydramnion);belastete Anamnese mit Status post spontanem Spätabort oder Frühgeburt eines Einlings (16. Bis 36. Schwangerschaftswoche);insulinpflichtiger Diabetes Mellitus (IDDM) mit rezidivierenden Hyper- oder Hypoglykämien;kongenitale Fehlbildungen;Mehrlingsschwangerschaften;eine oder mehrere Organtransplantationen, denen die werdende Mutter unterzogen wurde;Plazenta praevia totalis bzw. partialis ab der 20. Schwangerschaftswoche;Präeklampsie, E-P-H-Gestose;sonographisch bewiesene subamniale oder subplazentare Einblutungszonen (Hämatome) mit klinischer Symptomatik;Status post Konisation;thromboembolische Geschehen in der laufenden Schwangerschaft;Fehlbildungen des Uterus;Verdacht auf Plazenta increta/percreta inklusive Narbeninvasion ab der 20. Schwangerschaftswoche;vorzeitige Wehen bei Zustand nach Tokolyse im Krankenhaus;Wachstumsretardierung mit nachgewiesener Mangelversorgung des Feten;Zervixinsuffizienz: Zervixlänge unter 25 mm Länge und/oder Cerclage in laufender Schwangerschaft.;Anämie mit Hämoglobin im Blut < 8,5 g/dl mit zusätzlicher kardiopulmonaler Symptomatik;Auffälligkeiten im pränatalen Ultraschall mit drohendem Risiko einer Frühgeburt unter laufender Therapie (zB Polyhydramnion);belastete Anamnese mit Status post spontanem Spätabort oder Frühgeburt eines Einlings (16. Bis 36. Schwangerschaftswoche);insulinpflichtiger Diabetes Mellitus (IDDM) mit rezidivierenden Hyper- oder Hypoglykämien;kongenitale Fehlbildungen;Mehrlingsschwangerschaften;eine oder mehrere Organtransplantationen, denen die werdende Mutter unterzogen wurde;Plazenta praevia totalis bzw. partialis ab der 20. Schwangerschaftswoche;Präeklampsie, E-P-H-Gestose;sonographisch bewiesene subamniale oder subplazentare Einblutungszonen (Hämatome) mit klinischer Symptomatik;Status post Konisation;Status post Konisation;Fehlbildungen des Uterus;Verdacht auf Plazenta increta/percreta inklusive Narbeninvasion ab der 20. Schwangerschaftswoche;vorzeitige Wehen bei Zustand nach Tokolyse im Krankenhaus;Wachstumsretardierung mit nachgewiesener Mangelversorgung des Feten;Zervixinsuffizienz: Zervixlänge unter 25 mm Länge und/oder Cerclage in laufender Schwangerschaft.;Anämie mit Hämoglobin im Blut < 8,5 g/dl mit zusätzlicher kardiopulmonaler Symptomatik;Auffälligkeiten im pränatalen Ultraschall mit drohendem Risiko einer Frühgeburt unter laufender Therapie (zB Polyhydramnion);belastete Anamnese mit Status post spontanem Spätabort oder Frühgeburt eines Einlings (16. Bis 36. Schwangerschaftswoche);insulinpflichtiger Diabetes Mellitus (IDDM) mit rezidivierenden Hyper- oder Hypoglykämien;kongenitale Fehlbildungen;Mehrlingsschwangerschaften;eine oder mehrere Organtransplantationen, denen die werdende Mutter unterzogen wurde;Plazenta praevia totalis bzw. partialis ab der 20. Schwangerschaftswoche;Präeklampsie, E-P-H-Gestose;sonographisch bewiesene subamniale oder subplazentare Einblutungszonen (Hämatome) mit klinischer Symptomatik;Status post Konisation;thromboembolische Geschehen in der laufenden Schwangerschaft;Fehlbildungen des Uterus;Verdacht auf Plazenta increta/percreta inklusive Narbeninvasion ab der 20. Schwangerschaftswoche;vorzeitige Wehen bei Zustand nach Tokolyse im Krankenhaus;Wachstumsretardierung mit nachgewiesener Mangelversorgung des Feten;Zervixinsuffizienz: Zervixlänge unter 25 mm Länge und/oder Cerclage in laufender Schwangerschaft.;Anämie mit Hämoglobin im Blut < 8,5 g/dl mit zusätzlicher kardiopulmonaler Symptomatik;Auffälligkeiten im pränatalen Ultraschall mit drohendem Risiko einer Frühgeburt unter laufender Therapie (zB Polyhydramnion);belastete Anamnese mit Status post spontanem Spätabort oder Frühgeburt eines Einlings (16. Bis 36. Schwangerschaftswoche);insulinpflichtiger Diabetes Mellitus (IDDM) mit rezidivierenden Hyper- oder Hypoglykämien;kongenitale Fehlbildungen;Mehrlingsschwangerschaften;eine oder mehrere Organtransplantationen, denen die werdende Mutter unterzogen wurde;Plazenta praevia totalis bzw. partialis ab der 20. Schwangerschaftswoche;Präeklampsie, E-P-H-Gestose;sonographisch bewiesene subamniale oder subplazentare Einblutungszonen (Hämatome) mit klinischer Symptomatik;Status post Konisation;thromboembolische Geschehen in der laufenden Schwangerschaft;Fehlbildungen des Uterus;Verdacht auf Plazenta increta/percreta inklusive Narbeninvasion ab der 20. Schwangerschaftswoche;vorzeitige Wehen bei Zustand nach Tokolyse im Krankenhaus;Wachstumsretardierung mit nachgewiesener Mangelversorgung des Feten;Zervixinsuffizienz: Zervixlänge unter 25 mm Länge und/oder Cerclage in laufender Schwangerschaft.;Anämie mit Hämoglobin im Blut < 8,5 g/dl mit zusätzlicher kardiopulmonaler Symptomatik;Auffälligkeiten im pränatalen Ultraschall mit drohendem Risiko einer Frühgeburt unter laufender Therapie (zB Polyhydramnion);belastete Anamnese mit Status post spontanem Spätabort oder Frühgeburt eines Einlings (16. Bis 36. Schwangerschaftswoche);insulinpflichtiger Diabetes Mellitus (IDDM) mit rezidivierenden Hyper- oder Hypoglykämien;kongenitale Fehlbildungen;Mehrlingsschwangerschaften;eine oder mehrere Organtransplantationen, denen die werdende Mutter unterzogen wurde;Plazenta praevia totalis bzw. partialis ab der 20. Schwangerschaftswoche;Präeklampsie, E-P-H-Gestose;sonographisch bewiesene subamniale oder subplazentare Einblutungszonen (Hämatome) mit klinischer Symptomatik;Status post Konisation;thromboembolische Geschehen in der laufenden Schwangerschaft;Fehlbildungen des Uterus;Verdacht auf Plazenta increta/percreta inklusive Narbeninvasion ab der 20. Schwangerschaftswoche;vorzeitige Wehen bei Zustand nach Tokolyse im Krankenhaus;Wachstumsretardierung mit nachgewiesener Mangelversorgung des Feten;Zervixinsuffizienz: Zervixlänge unter 25 mm Länge und/oder Cerclage in laufender Schwangerschaft.;Zervixinsuffizienz: Zervixlänge unter 25 mm Länge und/oder Cerclage in laufender Schwangerschaft.;Zervixinsuffizienz: Zervixlänge unter 25 mm Länge und/oder Cerclage in laufender Schwangerschaft.;Zervixinsuffizienz: Zervixlänge unter 25 mm Länge und/oder Cerclage in laufender Schwangerschaft.;Zervixinsuffizienz: Zervixlänge unter 25 mm Länge und/oder Cerclage in laufender Schwangerschaft.;Zervixinsuffizienz: Zervixlänge unter 25 mm Länge und/oder Cerclage in laufender Schwangerschaft.;Zervixinsuffizienz: Zervixlänge unter 25 mm Länge und/oder Cerclage in laufender Schwangerschaft.;belastete Anamnese mit Status post spontanem Spätabort oder Frühgeburt eines Einlings (16. Bis 36. Schwangerschaftswoche);belastete Anamnese mit Status post spontanem Spätabort oder Frühgeburt eines Einlings (16. Bis 36. Schwangerschaftswoche);Zervixinsuffizienz: Zervixlänge unter 25 mm Länge und/oder Cerclage in laufender Schwangerschaft.;eine oder mehrere Organtransplantationen, denen die werdende Mutter unterzogen wurde;belastete Anamnese mit Status post spontanem Spätabort oder Frühgeburt eines Einlings (16. Bis 36. Schwangerschaftswoche);belastete Anamnese mit Status post spontanem Spätabort oder Frühgeburt eines Einlings (16. Bis 36. Schwangerschaftswoche);belastete Anamnese mit Status post spontanem Spätabort oder Frühgeburt eines Einlings (16. Bis 36. Schwangerschaftswoche);;Anämie mit Hämoglobin im Blut < 8,5 g/dl mit zusätzlicher kardiopulmonaler Symptomatik
MuhiException.ExceptionName;;;;;;;;;;MuhiException;MuhiException;MuhiException;MuhiException;MuhiException;MuhiException;MuhiException;MuhiException;MuhiException;;;;;;;;;;;;;;;;;;;;;;;;;;MuhiException;;;;;;MuhiException;;;;;;;;;;;;;;;;;;;;;MuhiException;MuhiException;;MuhiException;;;;MuhiException;MuhiException;MuhiException;;MuhiException;;MuhiException;MuhiException;MuhiException;;;;;;;;;MuhiException;;;;;;MuhiException;;;;;MuhiException;;;;;;;;MuhiException;MuhiException;MuhiException;MuhiException;MuhiException;MuhiException
MuhiException.ExceptionTyp;;;;;;;;;;VORAUSSICHTLICHER_GEBURTSTERMIN_REQUIRED;VORAUSSICHTLICHER_GEBURTSTERMIN_REQUIRED;VORAUSSICHTLICHER_GEBURTSTERMIN_INVALID;VORAUSSICHTLICHER_GEBURTSTERMIN_FORMAT;TOO_LATE_FOR_INDIVIDUELLES_VERBOT;ORT_REQUIRED;ORT_REQUIRED;POSTLEITZAHL_REQUIRED;POSTLEITZAHL_REQUIRED;;;;;;;;;;;;;;;;;;;;;;;;;;BEGRUENDUNG_INVALID2;;;;;;BEGRUENDUNG_INVALID2;;;;;;;;;;;;;;;;;;;;;BEGRUENDUNG_INVALID3;BEGRUENDUNG_INVALID3;;BEGRUENDUNG_INVALID3;;;;BEGRUENDUNG_INVALID3;BEGRUENDUNG_INVALID3;BEGRUENDUNG_INVALID3;;BEGRUENDUNG_INVALID3;;BEGRUENDUNG_INVALID3;BEGRUENDUNG_INVALID3;BEGRUENDUNG_INVALID3;;;;;;;;;BEGRUENDUNG_INVALID2;;;;;;BEGRUENDUNG_INVALID2;;;;;NO_ANSPRUCH;;;;;;;;ZUSATZBEGRUENDUNG_FORBIDDEN;;BEGRUENDUNG_VORDATIERUNG_FORMAT;BEGRUENDUNG_VORDATIERUNG_REQUIRED;BEGRUENDUNG_INVALID;BEGRUENDUNG_VORDATIERUNG_FORBIDDEN
MuhiException.InfoCode;;;;;;;;;;ZS-3300011;ZS-3300011;ZS-3300014;ZS-3300013;ZS-3301210;ZS-3301111;ZS-3301111;ZS-3301121;ZS-3301121;;;;;;;;;;;;;;;;;;;;;;;;;;ZS-3301255;;;;;;ZS-3301255;;;;;;;;;;;;;;;;;;;;;ZS-3301256;ZS-3301256;;ZS-3301256;;;;ZS-3301256;ZS-3301256;ZS-3301256;;ZS-3301256;;ZS-3301256;ZS-3301256;ZS-3301256;;;;;;;;;ZS-3301255;;;;;;ZS-3301255;;;;;ZS-3300003;;;;;;;;ZS-3301265;ZS-3301215;ZS-3301223;ZS-3301221;ZS-3301254;ZS-3301225
MuhiException.InfoText;;;;;;;;;;Voraussichtlicher Geburtstermin ist ein Pflichtfeld.;Voraussichtlicher Geburtstermin ist ein Pflichtfeld.;Der Wert in voraussichtlicher Geburtstermin ist ungültig. (Der Wert darf nicht in der Vergangenheit liegen.);Das Format von voraussichtlicher Geburtstermin ist ungültig.;Für die Patientin kann kein individuelles Beschäftigungsverbot eingemeldet werden, weil bereits das absolute Beschäftigungsverbot in Kraft ist.;Ort ist ein Pflichtfeld.;Ort ist ein Pflichtfeld.;Postleitzahl ist ein Pflichtfeld.;Postleitzahl ist ein Pflichtfeld.;;;;;;;;;;;;;;;;;;;;;;;;;;Der Wert in Begründung ist ungültig (Der gewählte Wert ist erst ab der 20. Schwangerschaftswoche zulässig.);;;;;;Der Wert in Begründung ist ungültig (Der gewählte Wert ist erst ab der 20. Schwangerschaftswoche zulässig.);;;;;;;;;;;;;;;;;;;;;Der Wert in Begründung ist ungültig (Der gewählte Wert ist bei Vordatierung nicht zulässig).;Der Wert in Begründung ist ungültig (Der gewählte Wert ist bei Vordatierung nicht zulässig).;;Der Wert in Begründung ist ungültig (Der gewählte Wert ist bei Vordatierung nicht zulässig).;;;;Der Wert in Begründung ist ungültig (Der gewählte Wert ist bei Vordatierung nicht zulässig).;Der Wert in Begründung ist ungültig (Der gewählte Wert ist bei Vordatierung nicht zulässig).;Der Wert in Begründung ist ungültig (Der gewählte Wert ist bei Vordatierung nicht zulässig).;;Der Wert in Begründung ist ungültig (Der gewählte Wert ist bei Vordatierung nicht zulässig).;;Der Wert in Begründung ist ungültig (Der gewählte Wert ist bei Vordatierung nicht zulässig).;Der Wert in Begründung ist ungültig (Der gewählte Wert ist bei Vordatierung nicht zulässig).;Der Wert in Begründung ist ungültig (Der gewählte Wert ist bei Vordatierung nicht zulässig).;;;;;;;;;Der Wert in Begründung ist ungültig (Der gewählte Wert ist erst ab der 20. Schwangerschaftswoche zulässig.);;;;;;Der Wert in Begründung ist ungültig (Der gewählte Wert ist erst ab der 20. Schwangerschaftswoche zulässig.);;;;;Die Patientin hat keinen für MUHI passenden Anspruch.;;;;;;;;Die Angabe von Zusatzbegründung ist nicht erlaubt. (Der Geburtstermin liegt weniger als 25 Wochen in der Zukunft oder die Meldung wurde vordatiert.);Die Angabe von vordatiert ist nicht erlaubt. (Vordatierung ist nur in der 15. Schwangerschaftswoche und nur für ausgewählte Begründungen möglich.);Das Format von Begründung Vordatierung ist ungültig.;Begründung Vordatierung ist ein Pflichtfeld (die Meldung wurde vordatiert).;Der Wert in Begründung ist ungültig.;Die Angabe von Begründung Vordatierung ist nicht erlaubt (Es liegt keine Vordatierung vor).
MuhiException.ExceptionCode;;;;;;;;;;6;6;8;7;58;56;56;18;18;;;;;;;;;;;;;;;;;;;;;;;;;;35;;;;;;35;;;;;;;;;;;;;;;;;;;;;57;57;;57;;;;57;57;57;;57;;57;57;57;;;;;;;;;35;;;;;;35;;;;;5;;;;;;;;38;;29;28;34;30
Vorraussichtlicher_Geburtstermin.Vordatierung;;;;;;;;;;;;;;;;;;;;;;;;;;;;;;;;;;;;;;;;;;;;;;;;;;;;;;;;;;;;;;;;;;;;;;;{DATE[][+7d][]};{DATE[][+7d][]};{DATE[][+7d][]};{DATE[][+7d][]};{DATE[][+7d][]};{DATE[][+7d][]};{DATE[][+7d][]};{DATE[][+7d][]};{DATE[][+7d][]};{DATE[][+7d][]};{DATE[][+7d][]};{DATE[][+7d][]};{DATE[][+7d][]};{DATE[][+7d][]};{DATE[][+7d][]};{DATE[][+7d][]};{DATE[][+7d][]};;;;;;;;;;;;;;;;;;;;;;;;{DATE[][+7d][]};{DATE[][+7d][]};;{DATE[][+7d][]};;{DATE[][+7d][]};{DATE[][+7d][]};;
